tx_id,date,product,base_cost,competitor_price,price,promotion,marketing,seasonality,day_of_week,elasticity,demand,revenue
1,2023-03-26,P5,34.85,51.58,55.66,0,1207.39,3,6,-0.452,17.1,951.79
2,2023-03-15,P5,44.55,66.3,77.34,0,493.56,3,2,-2.334,5.99,463.27
3,2023-04-13,P13,37.53,52.46,50.6,0,1048.37,4,3,-2.676,3.13,158.38
4,2023-01-21,P16,43.84,64.51,63.87,0,1570.34,1,5,-0.25,109.39,6986.74
5,2023-05-22,P20,49.94,73.61,83.38,0,708.41,5,0,-1.154,14.09,1174.82
6,2023-04-24,P6,22.11,23.91,25.13,0,1437.47,4,0,-1.102,65.53,1646.77
7,2023-09-17,P7,20.02,21.16,19.48,0,1074.94,9,6,-1.321,51.43,1001.86
8,2023-05-21,P3,13.05,18.39,16.65,0,1102.16,5,6,-1.04,42.08,700.63
9,2023-04-06,P13,25.58,25.19,28.87,0,619.86,4,3,-1.37,39.03,1126.8
10,2023-04-11,P20,38.51,45.21,38.87,0,1791.63,4,1,-0.616,32.65,1269.11
11,2023-09-18,P19,44.4,41.1,37.46,0,1174.67,9,0,-2.073,15.81,592.24
12,2023-12-26,P11,15.44,19.72,22.28,0,553.31,12,1,-1.008,39.71,884.74
13,2023-07-17,P7,5.93,8.21,8.42,0,521.7,7,0,-1.346,19.21,161.75
14,2023-10-13,P20,5.94,6.85,7.72,0,162.23,10,4,-1.734,12.49,96.42
15,2023-08-02,P12,40.97,50.02,47.0,0,502.76,8,2,-2.41,10.36,486.92
16,2023-10-08,P10,37.16,42.0,45.94,0,1785.3,10,6,-0.66,93.91,4314.23
17,2023-02-26,P12,33.8,32.79,37.99,0,1620.99,2,6,-0.581,68.77,2612.57
18,2023-03-13,P1,37.67,35.37,34.63,0,1645.07,3,0,-0.381,62.07,2149.48
19,2023-10-10,P20,16.28,17.44,16.38,0,1071.72,10,1,-2.296,22.08,361.67
20,2023-04-15,P2,44.89,45.36,47.05,0,611.69,4,5,-1.896,27.66,1301.4
21,2023-04-16,P20,22.39,28.64,26.52,1,945.15,4,6,-2.162,17.79,471.79
22,2023-08-01,P4,46.42,50.33,41.09,0,727.92,8,1,-2.482,28.05,1152.57
23,2023-09-08,P20,44.26,47.29,41.34,1,1230.2,9,4,-0.313,91.16,3768.55
24,2023-08-17,P6,26.9,33.55,26.51,1,974.56,8,3,-2.336,20.46,542.39
25,2023-01-25,P17,40.76,40.49,47.25,0,241.04,1,2,-2.77,11.07,523.06
26,2023-04-29,P7,29.77,36.25,29.03,0,876.92,4,5,-2.612,20.73,601.79
27,2023-07-20,P8,23.33,31.08,34.06,0,1999.15,7,3,-0.555,98.27,3347.08
28,2023-01-08,P14,48.64,58.53,53.44,0,815.75,1,6,-0.375,44.91,2399.99
29,2023-09-09,P15,8.57,9.68,8.32,1,729.07,9,5,-2.561,35.95,299.1
30,2023-01-25,P6,10.68,14.12,13.21,1,646.3,1,2,-0.213,151.82,2005.54
31,2023-12-21,P14,38.66,37.72,35.65,0,1016.75,12,3,-0.507,93.31,3326.5
32,2023-02-01,P15,15.6,15.34,13.62,0,1244.42,2,2,-2.85,15.23,207.43
33,2023-02-22,P5,13.08,18.03,17.25,0,1262.92,2,2,-1.265,34.91,602.2
34,2023-12-05,P8,47.71,56.96,53.04,0,1339.69,12,1,-1.938,42.16,2236.17
35,2023-01-13,P11,36.56,35.89,36.1,0,1714.69,1,4,-1.859,36.93,1333.17
36,2023-05-26,P10,30.79,35.88,34.4,0,352.29,5,4,-0.738,58.2,2002.08
37,2023-01-07,P13,31.46,35.0,29.01,0,1574.2,1,5,-2.34,17.58,510.0
38,2023-09-27,P17,12.87,12.16,11.85,0,1387.35,9,2,-2.63,24.96,295.78
39,2023-07-03,P15,22.66,30.3,35.11,0,1851.14,7,0,-2.29,21.37,750.3
40,2023-03-01,P16,42.93,51.02,53.14,0,1103.17,3,2,-1.047,44.44,2361.54
41,2023-07-10,P6,8.44,9.12,10.29,0,1126.01,7,0,-2.41,13.03,134.08
42,2023-06-15,P19,24.62,33.01,26.77,0,1612.18,6,3,-2.382,15.98,427.78
43,2023-05-28,P13,11.27,11.47,11.14,0,1511.82,5,6,-1.786,21.45,238.95
44,2023-07-01,P13,21.41,31.72,34.63,0,231.5,7,5,-2.967,11.38,394.09
45,2023-08-01,P7,8.68,8.03,9.41,0,1754.5,8,1,-1.765,36.2,340.64
46,2023-08-24,P4,33.87,40.16,46.43,0,1849.6,8,3,-2.558,27.96,1298.18
47,2023-09-10,P19,5.0,7.25,8.4,0,1332.16,9,6,-1.271,20.68,173.71
48,2023-05-08,P16,33.06,30.15,32.85,0,1797.29,5,0,-2.08,24.76,813.37
49,2023-05-04,P3,30.3,43.99,49.64,0,1494.17,5,3,-2.535,16.58,823.03
50,2023-03-23,P19,22.74,22.81,21.04,0,490.47,3,3,-1.413,45.02,947.22
51,2023-04-26,P20,31.63,29.88,27.56,0,1280.66,4,2,-2.356,31.25,861.25
52,2023-09-02,P2,44.76,43.47,51.72,0,1049.98,9,5,-1.503,42.01,2172.76
53,2023-01-20,P6,38.72,37.94,38.77,0,1712.34,1,4,-0.81,49.15,1905.55
54,2023-07-15,P15,24.32,35.59,39.39,0,412.65,7,5,-1.153,19.99,787.41
55,2023-11-12,P20,34.78,38.87,45.27,0,1094.47,11,6,-0.514,107.74,4877.39
56,2023-05-12,P15,42.08,39.16,43.18,0,1877.96,5,4,-0.249,149.24,6444.18
57,2023-06-07,P3,13.32,14.92,14.28,0,511.15,6,2,-2.423,26.05,371.99
58,2023-01-21,P4,25.95,27.94,27.45,0,473.22,1,5,-2.111,0.0,0.0
59,2023-11-23,P8,10.39,11.93,13.55,0,1490.71,11,3,-0.456,80.28,1087.79
60,2023-01-15,P18,43.85,45.18,43.5,1,1488.27,1,6,-1.484,56.45,2455.58
61,2023-06-29,P11,19.81,28.07,26.7,0,194.62,6,3,-0.501,48.0,1281.6
62,2023-03-28,P2,7.71,7.01,6.92,0,87.09,3,1,-0.399,107.66,745.01
63,2023-01-18,P12,28.92,27.89,23.84,0,605.69,1,2,-1.981,45.28,1079.48
64,2023-05-19,P2,22.53,26.85,24.37,0,1407.37,5,4,-1.229,68.16,1661.06
65,2023-12-18,P10,6.59,7.59,7.21,0,714.13,12,0,-2.455,24.09,173.69
66,2023-08-15,P6,26.34,31.47,27.93,0,486.22,8,1,-0.251,41.4,1156.3
67,2023-11-03,P8,13.04,12.38,9.73,1,387.45,11,4,-0.696,30.26,294.43
68,2023-05-02,P6,5.87,7.07,7.4,0,357.76,5,1,-2.796,12.23,90.5
69,2023-06-11,P15,41.38,53.54,62.67,0,523.98,6,6,-1.666,13.72,859.83
70,2023-02-26,P10,37.65,40.65,35.45,0,627.98,2,6,-2.194,19.91,705.81
71,2023-08-31,P15,14.78,13.88,10.24,1,857.9,8,3,-0.494,37.89,387.99
72,2023-05-13,P20,36.45,42.2,42.12,0,1682.92,5,5,-2.565,30.56,1287.19
73,2023-04-08,P2,41.0,57.18,50.25,0,185.22,4,5,-2.013,15.6,783.9
74,2023-06-26,P20,47.98,60.02,50.98,0,481.38,6,0,-1.405,27.2,1386.66
75,2023-01-08,P18,25.14,35.62,39.04,0,243.61,1,6,-1.249,8.12,317.0
76,2023-05-09,P18,31.09,36.35,42.44,0,1507.97,5,1,-2.76,14.24,604.35
77,2023-06-01,P9,5.33,7.8,6.34,0,1512.6,6,3,-2.974,23.21,147.15
78,2023-10-06,P11,19.3,23.56,21.13,0,950.13,10,4,-2.517,17.21,363.65
79,2023-05-23,P4,40.74,59.29,54.49,1,174.45,5,1,-1.036,17.52,954.66
80,2023-12-23,P17,36.53,38.53,33.25,0,1025.67,12,5,-0.607,25.91,861.51
81,2023-03-31,P8,37.11,53.54,56.79,0,463.4,3,4,-1.239,8.45,479.88
82,2023-02-22,P4,37.91,38.58,37.13,0,131.33,2,2,-0.996,37.34,1386.43
83,2023-06-04,P19,31.41,37.02,38.74,0,1467.48,6,6,-1.623,27.46,1063.8
84,2023-11-29,P4,30.44,33.91,32.9,0,385.72,11,2,-0.673,79.73,2623.12
85,2023-06-26,P1,7.07,10.37,9.08,0,939.8,6,0,-2.952,12.88,116.95
86,2023-08-04,P18,19.18,23.58,23.35,0,696.61,8,4,-0.772,65.01,1517.98
87,2023-11-16,P1,47.66,55.81,50.77,0,1544.23,11,3,-2.24,28.23,1433.24
88,2023-02-02,P5,48.09,55.9,54.48,0,1138.47,2,3,-2.2,33.21,1809.28
89,2023-10-17,P17,49.61,72.84,81.14,0,231.16,10,1,-2.973,7.14,579.34
90,2023-07-07,P18,36.65,53.71,48.36,1,155.15,7,4,-1.702,8.53,412.51
91,2023-01-15,P7,7.64,7.9,7.95,0,1785.52,1,6,-1.677,54.5,433.28
92,2023-07-17,P5,27.25,26.9,26.74,1,1040.65,7,0,-2.932,18.76,501.64
93,2023-04-05,P14,9.03,13.09,9.1,1,497.62,4,2,-0.783,44.64,406.22
94,2023-04-06,P10,26.17,28.3,32.85,0,203.0,4,3,-1.99,6.92,227.32
95,2023-10-29,P18,27.32,38.66,33.98,0,1314.14,10,6,-1.112,17.08,580.38
96,2023-01-05,P16,11.55,12.11,13.21,0,20.76,1,3,-1.051,0.0,0.0
97,2023-01-28,P12,26.09,33.04,28.56,0,523.23,1,5,-1.932,22.1,631.18
98,2023-04-28,P20,31.71,43.79,35.58,0,574.24,4,4,-2.9,14.99,533.34
99,2023-03-29,P18,46.7,49.09,46.71,0,1003.24,3,2,-0.926,38.59,1802.54
100,2023-12-12,P20,7.95,11.19,11.85,0,1615.98,12,1,-1.457,33.25,394.01
101,2023-01-19,P7,38.94,44.81,50.67,0,1454.38,1,3,-0.25,81.15,4111.87
102,2023-08-24,P20,5.52,7.75,6.93,0,435.14,8,3,-1.916,13.62,94.39
103,2023-09-22,P12,21.12,31.66,28.64,0,190.96,9,4,-0.883,16.08,460.53
104,2023-10-18,P6,38.93,46.95,47.63,0,1494.5,10,2,-2.955,19.38,923.07
105,2023-12-06,P17,25.27,29.33,25.95,0,1166.05,12,2,-0.31,103.7,2691.02
106,2023-11-04,P15,13.96,16.89,14.79,0,892.41,11,5,-1.486,10.63,157.22
107,2023-11-07,P4,49.43,56.08,47.89,0,1945.54,11,1,-2.163,30.96,1482.67
108,2023-05-08,P13,8.16,10.94,11.04,0,1306.72,5,0,-0.834,58.73,648.38
109,2023-10-31,P1,19.49,18.85,18.25,0,433.47,10,1,-1.294,64.76,1181.87
110,2023-02-18,P16,15.91,23.4,25.83,1,96.89,2,5,-0.61,66.21,1710.2
111,2023-06-08,P5,18.08,24.98,28.54,0,717.98,6,3,-0.655,62.69,1789.17
112,2023-03-11,P12,49.86,70.76,68.17,0,867.55,3,5,-2.129,29.7,2024.65
113,2023-10-09,P18,21.78,22.83,19.71,0,673.79,10,0,-2.678,13.59,267.86
114,2023-10-02,P1,13.43,15.77,16.09,0,975.03,10,0,-0.676,58.73,944.97
115,2023-01-24,P5,27.84,40.0,41.46,0,241.71,1,1,-1.264,21.17,877.71
116,2023-06-13,P1,37.77,37.73,42.89,0,1442.88,6,1,-2.017,28.73,1232.23
117,2023-01-08,P18,32.51,36.88,39.89,0,786.01,1,6,-2.127,15.93,635.45
118,2023-12-31,P9,36.36,36.77,29.99,0,727.71,12,6,-1.711,29.43,882.61
119,2023-12-06,P16,32.7,30.98,28.62,0,1372.36,12,2,-2.831,17.05,487.97
120,2023-10-15,P14,38.88,54.0,45.62,1,1419.84,10,6,-1.435,34.85,1589.86
121,2023-10-31,P14,47.5,67.17,70.7,0,86.47,10,1,-1.235,27.49,1943.54
122,2023-08-23,P6,49.94,53.13,47.63,0,313.2,8,2,-1.31,10.04,478.21
123,2023-09-15,P16,15.81,18.55,17.02,0,608.38,9,4,-2.56,11.57,196.92
124,2023-09-26,P3,28.94,29.06,26.32,0,414.87,9,1,-1.642,36.39,957.78
125,2023-10-29,P15,24.14,24.14,24.23,0,1242.56,10,6,-0.745,94.43,2288.04
126,2023-01-18,P17,24.23,24.03,20.43,0,1905.9,1,2,-0.926,31.29,639.25
127,2023-07-06,P7,5.03,4.98,5.23,0,510.61,7,3,-2.807,17.79,93.04
128,2023-09-15,P1,9.71,9.1,6.77,1,1981.11,9,4,-1.868,70.81,479.38
129,2023-04-21,P1,13.45,19.81,16.68,0,114.49,4,4,-2.772,2.04,34.03
130,2023-11-10,P11,28.96,27.45,20.33,1,881.99,11,4,-1.075,84.95,1727.03
131,2023-11-12,P7,16.57,24.43,25.15,0,616.07,11,6,-2.023,19.82,498.47
132,2023-02-22,P6,30.79,38.27,45.53,0,1882.87,2,2,-2.008,22.83,1039.45
133,2023-05-21,P3,49.65,47.15,45.26,0,245.55,5,6,-2.071,0.0,0.0
134,2023-12-09,P4,42.65,40.23,33.6,0,1744.58,12,5,-0.202,62.69,2106.38
135,2023-10-05,P13,40.32,46.07,49.43,0,182.45,10,3,-1.523,7.7,380.61
136,2023-02-13,P2,39.05,46.61,48.44,0,1471.07,2,0,-2.259,27.8,1346.63
137,2023-10-31,P2,43.51,53.35,61.38,0,1016.42,10,1,-2.653,8.8,540.14
138,2023-08-28,P1,9.14,10.14,8.3,0,993.02,8,0,-1.591,41.82,347.11
139,2023-10-05,P12,36.17,38.5,38.89,0,1773.74,10,3,-1.107,34.12,1326.93
140,2023-01-04,P4,24.92,26.02,21.47,0,1367.14,1,2,-1.476,66.67,1431.4
141,2023-05-05,P17,40.49,51.68,50.11,0,1249.44,5,4,-1.461,36.9,1849.06
142,2023-03-14,P5,10.61,10.03,8.54,1,499.59,3,1,-2.29,14.18,121.1
143,2023-11-26,P10,28.72,31.07,30.14,0,1182.99,11,6,-2.854,26.3,792.68
144,2023-01-22,P3,15.9,16.98,18.44,0,1166.1,1,6,-1.295,16.5,304.26
145,2023-05-19,P2,20.15,24.93,26.51,0,1935.36,5,4,-0.465,81.3,2155.26
146,2023-02-27,P20,22.06,27.57,25.63,0,638.75,2,0,-2.801,21.73,556.94
147,2023-01-09,P2,31.25,29.37,30.86,0,1686.3,1,0,-0.698,36.92,1139.35
148,2023-02-02,P12,12.46,13.5,10.82,0,1292.14,2,3,-1.161,23.58,255.14
149,2023-12-26,P12,14.98,14.68,13.59,0,311.9,12,1,-2.355,30.02,407.97
150,2023-01-13,P3,23.63,26.04,24.4,0,1596.68,1,4,-2.918,11.62,283.53
151,2023-04-27,P7,7.7,7.68,7.73,0,436.41,4,3,-2.869,9.87,76.3
152,2023-04-11,P10,48.31,47.31,42.91,0,1735.23,4,1,-0.803,93.1,3994.92
153,2023-12-17,P10,14.8,22.07,25.07,0,1570.83,12,6,-0.716,41.58,1042.41
154,2023-04-07,P12,48.57,61.64,54.73,0,915.1,4,4,-2.731,23.82,1303.67
155,2023-05-07,P8,33.57,32.91,38.2,0,1174.61,5,6,-2.179,14.5,553.9
156,2023-05-05,P1,29.81,28.51,28.9,0,488.22,5,4,-2.24,14.69,424.54
157,2023-05-22,P3,46.24,49.15,44.88,0,50.03,5,0,-1.933,24.11,1082.06
158,2023-07-21,P12,14.68,18.89,19.22,0,408.77,7,4,-2.767,9.11,175.09
159,2023-11-24,P5,30.29,27.63,30.37,0,271.94,11,4,-1.217,22.73,690.31
160,2023-05-05,P8,49.36,51.91,55.93,0,957.77,5,4,-1.163,16.09,899.91
161,2023-12-26,P7,11.99,11.18,10.16,1,576.44,12,1,-0.873,79.27,805.38
162,2023-12-13,P2,47.25,57.6,53.68,0,1114.43,12,2,-2.057,30.83,1654.95
163,2023-02-09,P17,7.73,9.36,8.89,0,727.09,2,3,-2.031,22.39,199.05
164,2023-10-15,P9,29.55,29.35,25.1,0,1583.33,10,6,-2.443,24.58,616.96
165,2023-04-13,P11,21.57,31.53,29.31,0,1012.25,4,3,-2.841,14.44,423.24
166,2023-10-08,P5,11.83,13.52,10.26,1,1517.52,10,6,-0.299,42.1,431.95
167,2023-05-11,P15,13.67,12.54,11.34,1,1192.24,5,3,-2.177,27.28,309.36
168,2023-08-05,P11,35.74,36.21,30.76,0,739.32,8,5,-2.752,14.94,459.55
169,2023-02-06,P19,16.47,21.81,22.47,0,667.34,2,0,-0.611,60.86,1367.52
170,2023-04-04,P7,36.23,38.35,35.51,0,489.09,4,1,-0.817,81.42,2891.22
171,2023-08-28,P13,37.21,46.5,39.95,0,1560.96,8,0,-0.908,43.23,1727.04
172,2023-05-23,P1,47.14,42.44,34.71,0,746.5,5,1,-1.611,53.35,1851.78
173,2023-12-17,P10,29.02,37.38,42.12,0,1007.75,12,6,-0.313,75.29,3171.21
174,2023-10-30,P16,47.26,46.18,42.65,1,865.8,10,0,-1.55,16.96,723.34
175,2023-04-21,P16,22.56,26.97,21.76,0,1763.5,4,4,-0.876,55.96,1217.69
176,2023-02-01,P12,14.55,16.31,17.03,0,1649.18,2,2,-2.251,23.08,393.05
177,2023-12-19,P8,41.65,59.78,58.67,0,330.85,12,1,-1.103,22.07,1294.85
178,2023-05-12,P16,22.42,27.49,25.48,0,55.47,5,4,-1.691,26.78,682.35
179,2023-06-09,P9,40.87,49.04,42.23,0,189.72,6,4,-2.354,16.92,714.53
180,2023-09-19,P5,47.24,64.17,72.38,1,93.37,9,1,-2.335,2.08,150.55
181,2023-04-23,P9,12.93,12.61,14.35,0,1990.27,4,6,-1.504,56.06,804.46
182,2023-10-28,P14,23.81,22.45,25.55,0,1236.13,10,5,-2.835,13.7,350.04
183,2023-01-05,P19,8.39,9.67,11.43,0,1568.11,1,3,-2.345,24.41,279.01
184,2023-06-15,P9,9.81,12.14,14.04,0,1017.85,6,3,-2.552,6.32,88.73
185,2023-05-09,P10,36.73,43.63,43.26,0,1597.91,5,1,-0.34,150.71,6519.71
186,2023-09-17,P10,29.83,33.03,36.1,0,3.34,9,6,-2.136,4.99,180.14
187,2023-05-20,P16,40.49,42.07,35.36,0,1928.79,5,5,-2.064,29.19,1032.16
188,2023-05-05,P3,16.2,23.93,28.49,0,1744.63,5,4,-2.767,13.79,392.88
189,2023-03-04,P11,18.44,25.14,25.92,0,1928.55,3,5,-1.409,14.77,382.84
190,2023-01-19,P13,45.6,60.66,51.41,0,1881.78,1,3,-2.773,23.39,1202.48
191,2023-02-09,P5,10.52,15.0,16.95,0,1082.81,2,3,-2.617,18.2,308.49
192,2023-11-02,P9,11.68,13.0,15.09,0,1006.32,11,3,-1.491,23.46,354.01
193,2023-04-24,P1,11.86,12.77,12.38,0,310.49,4,0,-2.141,4.33,53.61
194,2023-06-25,P1,27.52,40.03,41.26,0,557.9,6,6,-1.812,17.66,728.65
195,2023-08-29,P2,47.49,71.03,81.12,1,551.25,8,1,-1.977,1.75,141.96
196,2023-09-10,P14,29.72,41.26,36.63,0,1727.16,9,6,-2.058,19.18,702.56
197,2023-08-03,P8,45.64,51.5,55.74,0,303.69,8,3,-2.21,1.66,92.53
198,2023-11-07,P4,38.98,45.7,52.39,0,1316.08,11,1,-2.148,23.78,1245.83
199,2023-06-13,P13,19.43,27.1,21.82,0,644.99,6,1,-0.663,59.28,1293.49
200,2023-04-18,P8,8.34,10.46,9.37,0,546.45,4,1,-1.688,22.13,207.36
201,2023-11-25,P19,33.86,44.89,46.5,0,700.85,11,5,-1.02,37.95,1764.68
202,2023-07-22,P20,28.71,42.05,39.8,1,18.78,7,5,-2.29,0.0,0.0
203,2023-03-16,P7,9.71,10.33,10.76,0,989.81,3,3,-0.91,34.8,374.45
204,2023-03-16,P5,12.51,11.47,10.93,0,1876.67,3,3,-0.417,146.5,1601.24
205,2023-10-30,P10,25.01,28.48,25.14,0,635.48,10,0,-2.366,13.43,337.63
206,2023-10-13,P15,12.65,13.43,11.42,0,224.04,10,4,-0.353,38.11,435.22
207,2023-12-10,P11,33.6,31.0,25.57,0,178.14,12,6,-2.782,24.58,628.51
208,2023-09-05,P8,28.38,33.32,24.71,1,1741.78,9,1,-1.6,38.52,951.83
209,2023-01-12,P6,32.03,30.51,33.01,1,364.83,1,3,-0.362,80.65,2662.26
210,2023-03-28,P11,29.6,29.95,30.96,0,175.29,3,1,-1.692,16.99,526.01
211,2023-06-16,P20,18.46,26.9,23.81,0,700.65,6,4,-0.718,29.02,690.97
212,2023-10-22,P9,11.74,15.03,16.36,0,1181.08,10,6,-2.652,13.25,216.77
213,2023-11-26,P3,12.16,16.63,15.57,0,1433.07,11,6,-1.645,25.7,400.15
214,2023-02-05,P18,17.41,19.71,19.44,0,62.04,2,6,-1.047,12.86,250.0
215,2023-03-22,P7,42.54,46.67,45.7,1,435.11,3,2,-2.03,18.3,836.31
216,2023-12-22,P8,41.62,43.07,42.39,0,426.02,12,4,-2.473,8.52,361.16
217,2023-08-21,P20,8.49,11.13,11.6,0,486.5,8,0,-1.991,12.45,144.42
218,2023-09-28,P4,39.6,54.61,52.2,0,905.94,9,3,-1.181,18.34,957.35
219,2023-09-26,P4,38.25,47.05,49.26,0,1359.78,9,1,-1.735,23.96,1180.27
220,2023-01-29,P20,10.62,11.59,13.16,0,972.29,1,6,-0.226,49.69,653.92
221,2023-02-28,P20,5.87,6.83,5.65,1,1353.17,2,1,-0.873,86.67,489.69
222,2023-10-19,P11,38.8,56.61,65.54,1,1615.84,10,3,-2.086,11.7,766.82
223,2023-08-04,P1,46.33,49.6,39.7,0,1471.14,8,4,-0.651,58.87,2337.14
224,2023-06-06,P9,40.84,59.52,54.65,0,527.43,6,1,-1.911,12.74,696.24
225,2023-10-06,P6,34.15,37.48,31.19,0,1570.66,10,4,-2.126,43.53,1357.7
226,2023-03-18,P14,42.98,48.98,55.56,0,1813.73,3,5,-0.514,90.76,5042.63
227,2023-03-16,P4,11.65,13.33,15.54,0,552.96,3,3,-2.543,2.97,46.15
228,2023-04-22,P20,22.26,31.14,30.74,0,1129.47,4,5,-0.579,80.4,2471.5
229,2023-10-15,P16,47.68,62.77,55.36,0,1613.52,10,6,-2.94,9.72,538.1
230,2023-03-31,P11,38.8,47.05,52.54,0,1598.01,3,4,-1.963,22.12,1162.18
231,2023-03-15,P17,40.62,41.61,37.71,0,799.67,3,2,-2.812,16.17,609.77
232,2023-03-14,P6,43.29,57.59,54.73,0,555.37,3,1,-1.593,9.36,512.27
233,2023-10-31,P9,5.89,8.33,7.98,0,1135.8,10,1,-2.325,17.76,141.72
234,2023-02-19,P10,10.12,13.05,11.61,0,1410.48,2,6,-1.72,25.4,294.89
235,2023-09-13,P1,5.02,6.83,3.67,1,968.38,9,2,-0.695,124.67,457.54
236,2023-09-22,P5,28.73,36.8,31.24,0,169.99,9,4,-2.673,10.66,333.02
237,2023-03-26,P13,16.71,19.85,20.36,0,1202.13,3,6,-1.024,69.22,1409.32
238,2023-10-25,P1,14.68,19.94,17.23,0,807.97,10,2,-0.296,89.01,1533.64
239,2023-01-16,P4,27.36,34.89,37.48,0,1446.9,1,0,-1.757,21.16,793.08
240,2023-10-31,P9,8.68,7.96,7.25,0,1030.41,10,1,-0.474,33.23,240.92
241,2023-03-15,P5,32.32,30.68,31.51,0,1449.46,3,2,-2.08,35.73,1125.85
242,2023-01-01,P5,5.52,8.26,8.57,0,369.02,1,6,-1.023,20.87,178.86
243,2023-10-16,P10,12.81,19.08,16.51,0,1542.4,10,0,-2.737,28.95,477.96
244,2023-09-20,P12,45.79,44.86,49.19,0,1432.57,9,2,-2.866,17.03,837.71
245,2023-01-14,P12,16.02,23.44,20.77,1,1414.58,1,5,-0.989,50.55,1049.92
246,2023-10-15,P7,14.49,14.41,15.51,0,943.77,10,6,-2.088,20.07,311.29
247,2023-12-07,P9,7.44,7.86,8.6,0,1014.38,12,3,-1.133,39.36,338.5
248,2023-02-20,P7,5.17,5.2,3.53,1,623.97,2,0,-1.275,50.31,177.59
249,2023-06-25,P18,36.28,40.37,37.67,0,1298.62,6,6,-1.889,39.13,1474.03
250,2023-09-17,P4,16.81,18.6,16.87,0,230.24,9,6,-2.79,1.56,26.32
251,2023-10-26,P16,41.01,54.54,44.18,0,563.75,10,3,-1.158,41.37,1827.73
252,2023-01-24,P16,32.62,46.51,37.74,0,1658.21,1,1,-0.472,86.63,3269.42
253,2023-09-24,P13,47.42,70.53,62.03,0,496.19,9,6,-2.489,0.0,0.0
254,2023-02-27,P4,30.19,30.34,26.06,0,365.1,2,0,-0.863,86.19,2246.11
255,2023-12-30,P13,14.74,18.09,18.77,0,73.15,12,5,-2.095,1.7,31.91
256,2023-02-19,P1,46.13,54.6,50.18,0,1147.92,2,6,-0.526,80.77,4053.04
257,2023-06-15,P7,7.8,10.36,11.54,0,1753.27,6,3,-1.817,29.25,337.54
258,2023-11-28,P3,29.9,41.65,45.57,0,837.44,11,1,-0.744,31.38,1429.99
259,2023-07-10,P14,31.09,40.35,33.2,0,1016.08,7,0,-0.33,96.02,3187.86
260,2023-08-23,P4,9.62,10.56,9.43,0,1084.89,8,2,-1.214,50.72,478.29
261,2023-10-26,P9,21.23,20.83,21.06,0,1385.21,10,3,-0.778,105.81,2228.36
262,2023-12-02,P2,48.73,64.04,51.41,0,1051.5,12,5,-0.395,109.41,5624.77
263,2023-03-29,P16,15.05,17.48,14.85,1,1767.03,3,2,-2.667,36.62,543.81
264,2023-11-14,P5,7.61,9.71,9.27,0,701.17,11,1,-2.165,21.38,198.19
265,2023-05-29,P8,6.26,8.79,7.41,1,1890.33,5,0,-2.537,35.25,261.2
266,2023-11-27,P18,41.54,59.14,70.24,0,1528.43,11,0,-1.491,32.26,2265.94
267,2023-05-30,P14,17.78,20.56,24.13,0,219.46,5,1,-1.07,48.21,1163.31
268,2023-11-11,P18,7.96,11.36,9.15,0,1522.92,11,5,-0.504,89.0,814.35
269,2023-09-06,P13,22.4,27.04,29.59,0,866.64,9,2,-2.144,11.43,338.21
270,2023-02-21,P6,37.8,34.37,38.37,0,1165.31,2,1,-0.887,88.47,3394.59
271,2023-09-04,P14,37.2,34.53,27.83,0,643.5,9,0,-0.241,60.72,1689.84
272,2023-12-17,P19,17.52,22.49,21.16,0,1330.99,12,6,-1.968,20.12,425.74
273,2023-10-13,P16,47.5,68.33,73.8,0,356.0,10,4,-1.559,16.1,1188.18
274,2023-06-03,P8,21.68,22.26,20.29,0,1038.34,6,5,-1.379,46.41,941.66
275,2023-08-13,P13,40.53,53.46,54.72,0,402.6,8,6,-0.308,123.31,6747.52
276,2023-03-03,P6,41.74,42.5,32.96,1,1363.49,3,4,-2.346,35.3,1163.49
277,2023-11-29,P6,37.02,49.48,53.64,0,634.82,11,2,-0.872,34.47,1848.97
278,2023-03-24,P10,27.73,36.24,33.84,0,1073.53,3,4,-0.517,59.54,2014.83
279,2023-01-18,P1,29.47,30.2,35.25,0,220.26,1,2,-1.955,27.65,974.66
280,2023-10-30,P19,17.35,23.55,20.79,0,2.85,10,0,-0.708,43.05,895.01
281,2023-05-05,P2,32.84,32.98,27.43,0,1211.94,5,4,-1.299,23.31,639.39
282,2023-02-14,P14,7.69,10.38,10.17,0,1822.52,2,1,-2.539,22.1,224.76
283,2023-05-15,P18,35.78,42.96,46.28,1,1487.94,5,0,-2.427,18.77,868.68
284,2023-04-27,P1,20.88,27.47,25.21,0,59.04,4,3,-2.559,9.19,231.68
285,2023-01-02,P10,44.85,44.07,52.69,0,1345.14,1,0,-1.212,57.61,3035.47
286,2023-02-26,P10,22.03,24.43,26.7,0,551.38,2,6,-2.615,7.46,199.18
287,2023-10-05,P3,7.59,8.0,6.95,1,18.59,10,3,-2.499,14.11,98.06
288,2023-01-18,P16,17.89,18.66,14.95,0,140.56,1,2,-0.281,80.82,1208.26
289,2023-11-13,P9,13.42,15.38,18.12,0,1321.85,11,0,-1.088,17.84,323.26
290,2023-12-26,P20,39.15,44.08,38.8,0,716.84,12,1,-1.325,50.3,1951.64
291,2023-02-20,P5,49.39,45.0,49.02,0,282.64,2,0,-0.247,140.68,6896.13
292,2023-06-05,P14,6.42,9.07,7.28,0,1702.06,6,0,-2.299,37.41,272.34
293,2023-01-15,P20,31.06,34.13,31.57,0,1827.58,1,6,-0.552,133.94,4228.49
294,2023-10-31,P8,19.84,24.99,27.75,0,1555.08,10,1,-2.161,16.23,450.38
295,2023-07-19,P10,5.44,7.85,9.35,0,740.68,7,2,-0.256,24.02,224.59
296,2023-08-18,P3,27.74,38.04,45.48,0,236.9,8,4,-2.154,5.43,246.96
297,2023-02-05,P4,44.33,47.68,42.15,1,1380.78,2,6,-0.243,70.73,2981.27
298,2023-08-18,P13,10.78,16.08,17.63,0,827.64,8,4,-2.014,20.02,352.95
299,2023-10-21,P12,33.01,42.84,49.5,0,77.69,10,5,-0.661,44.19,2187.4
300,2023-01-26,P18,42.24,38.88,40.31,0,31.32,1,3,-2.847,10.2,411.16
301,2023-04-20,P15,45.18,61.48,51.74,0,163.75,4,3,-1.161,56.35,2915.55
302,2023-05-11,P19,30.65,38.51,41.53,0,611.38,5,3,-1.945,16.2,672.79
303,2023-08-31,P12,46.07,55.48,43.62,1,65.34,8,3,-2.453,20.16,879.38
304,2023-06-21,P16,31.78,29.48,30.75,1,180.56,6,2,-2.444,13.28,408.36
305,2023-07-21,P7,6.71,8.09,8.9,0,975.02,7,4,-2.468,16.66,148.27
306,2023-06-30,P17,48.23,50.23,46.07,1,610.75,6,4,-2.033,21.61,995.57
307,2023-04-08,P6,44.86,57.09,60.74,0,1705.02,4,5,-1.027,47.53,2886.97
308,2023-10-31,P17,22.93,24.0,19.58,1,1243.67,10,1,-1.077,45.1,883.06
309,2023-11-11,P2,43.83,59.52,64.36,0,1596.9,11,5,-0.449,124.3,7999.95
310,2023-07-19,P18,30.71,41.09,42.77,0,1605.48,7,2,-2.896,17.67,755.75
311,2023-07-14,P10,27.36,37.84,37.21,0,1150.77,7,4,-0.933,45.07,1677.05
312,2023-01-03,P12,36.71,37.59,42.34,0,1161.74,1,1,-0.406,134.98,5715.05
313,2023-05-24,P1,44.87,65.61,61.46,0,1790.02,5,2,-2.929,17.47,1073.71
314,2023-03-10,P3,29.01,43.4,41.47,0,24.16,3,4,-2.015,13.68,567.31
315,2023-05-17,P5,25.31,30.4,35.63,0,1078.51,5,2,-0.794,14.95,532.67
316,2023-03-16,P5,6.37,7.65,6.39,0,1934.74,3,3,-2.847,27.29,174.38
317,2023-01-02,P14,48.63,68.62,76.54,0,1297.15,1,0,-1.757,18.76,1435.89
318,2023-03-31,P14,33.99,49.96,50.74,0,808.22,3,4,-2.528,3.96,200.93
319,2023-03-10,P9,13.05,19.13,21.93,0,1354.28,3,4,-2.382,19.62,430.27
320,2023-06-09,P18,5.59,7.84,7.55,0,308.54,6,4,-2.714,4.71,35.56
321,2023-12-07,P2,12.07,14.08,13.72,0,1939.36,12,3,-1.973,29.51,404.88
322,2023-09-30,P13,13.93,14.7,12.27,1,21.63,9,5,-0.997,63.56,779.88
323,2023-10-09,P13,21.41,28.14,25.4,0,48.71,10,0,-0.623,28.5,723.9
324,2023-07-03,P15,6.04,7.94,8.56,0,1561.39,7,0,-1.09,42.39,362.86
325,2023-10-02,P11,49.34,59.03,53.69,0,1039.36,10,0,-0.626,97.24,5220.82
326,2023-09-16,P17,35.64,42.07,36.83,0,100.64,9,5,-0.861,37.61,1385.18
327,2023-12-11,P16,47.18,48.03,56.68,0,1331.38,12,0,-1.409,40.95,2321.05
328,2023-11-16,P20,18.73,23.99,28.61,0,284.54,11,3,-2.176,10.05,287.53
329,2023-03-11,P2,36.61,37.48,39.64,1,818.36,3,5,-0.538,48.83,1935.62
330,2023-10-29,P18,30.35,38.05,36.31,0,1707.08,10,6,-2.541,15.62,567.16
331,2023-12-04,P16,46.64,63.97,54.57,0,1934.09,12,0,-2.31,36.15,1972.71
332,2023-11-08,P7,19.73,26.78,31.27,0,1175.0,11,2,-2.246,27.7,866.18
333,2023-05-16,P12,14.57,13.95,16.7,0,1990.4,5,1,-1.868,20.34,339.68
334,2023-12-29,P13,24.96,30.36,34.04,0,1949.86,12,4,-2.631,33.37,1135.91
335,2023-11-25,P12,12.26,14.14,13.15,0,797.73,11,5,-0.585,106.43,1399.55
336,2023-07-27,P2,17.54,16.01,15.07,0,63.51,7,3,-2.386,2.08,31.35
337,2023-10-29,P4,44.94,65.24,61.83,0,1900.82,10,6,-0.866,72.76,4498.75
338,2023-05-16,P8,49.59,51.31,53.2,0,1437.01,5,1,-0.776,86.14,4582.65
339,2023-02-11,P14,39.94,59.12,64.57,0,1393.0,2,5,-2.653,20.23,1306.25
340,2023-07-31,P4,20.05,20.84,19.35,0,1093.52,7,0,-2.912,19.44,376.16
341,2023-02-25,P12,49.21,49.73,59.21,0,89.44,2,5,-2.835,0.0,0.0
342,2023-04-22,P1,17.87,22.65,27.12,0,1584.76,4,5,-0.267,117.21,3178.74
343,2023-04-20,P11,29.26,32.54,32.07,0,1748.32,4,3,-2.062,30.53,979.1
344,2023-08-07,P18,28.14,29.36,33.24,0,891.26,8,0,-0.9,31.68,1053.04
345,2023-03-29,P10,7.49,9.06,10.85,0,438.12,3,2,-2.11,14.55,157.87
346,2023-01-26,P11,16.01,23.78,22.9,0,1916.9,1,3,-2.22,23.21,531.51
347,2023-10-08,P10,7.25,10.43,11.47,0,380.16,10,6,-1.816,5.46,62.63
348,2023-07-18,P19,13.45,14.36,14.55,0,1376.0,7,1,-2.564,25.78,375.1
349,2023-06-05,P2,5.45,7.84,6.84,1,1317.84,6,0,-2.857,20.14,137.76
350,2023-04-09,P3,31.4,32.07,38.0,0,1140.85,4,6,-2.641,7.48,284.24
351,2023-07-03,P18,6.23,6.06,5.36,0,911.08,7,0,-1.367,63.89,342.45
352,2023-01-20,P10,26.53,31.79,35.17,0,1920.87,1,4,-1.711,19.48,685.11
353,2023-10-16,P13,12.34,11.64,10.95,0,154.34,10,0,-0.878,48.0,525.6
354,2023-08-10,P12,36.44,38.09,38.82,0,1239.68,8,3,-1.732,27.36,1062.12
355,2023-09-22,P17,40.88,39.22,40.85,0,1770.13,9,4,-0.913,74.87,3058.44
356,2023-11-29,P20,10.34,13.41,14.93,0,1469.2,11,2,-0.55,95.97,1432.83
357,2023-09-20,P12,32.96,38.48,45.69,0,1025.01,9,2,-1.939,23.43,1070.52
358,2023-07-11,P19,7.99,10.38,12.1,0,1424.48,7,1,-1.309,35.67,431.61
359,2023-05-13,P20,18.48,20.97,16.34,1,1679.85,5,5,-1.156,54.11,884.16
360,2023-07-27,P7,36.48,53.45,52.27,1,1553.3,7,3,-0.717,78.38,4096.92
361,2023-12-16,P11,25.83,37.3,40.58,0,1066.78,12,5,-1.095,37.06,1503.89
362,2023-01-17,P7,5.08,5.41,4.32,1,1827.66,1,1,-1.566,58.27,251.73
363,2023-10-20,P3,35.98,43.51,46.59,1,1348.89,10,4,-2.251,26.62,1240.23
364,2023-12-01,P15,11.52,10.83,11.03,0,1649.78,12,4,-1.58,52.98,584.37
365,2023-07-31,P1,26.45,25.12,21.88,1,1091.65,7,0,-0.952,35.83,783.96
366,2023-04-21,P3,11.83,10.74,12.39,0,1586.92,4,4,-0.951,67.74,839.3
367,2023-09-16,P2,9.16,9.95,10.09,0,465.24,9,5,-1.247,22.4,226.02
368,2023-06-01,P3,49.85,52.1,54.28,0,652.18,6,3,-0.997,62.82,3409.87
369,2023-12-06,P3,33.11,41.4,39.86,0,1355.72,12,2,-2.08,16.64,663.27
370,2023-06-19,P8,15.57,17.4,19.06,0,1822.4,6,0,-2.209,31.08,592.38
371,2023-03-31,P14,41.36,52.24,59.56,0,551.37,3,4,-2.344,8.44,502.69
372,2023-03-26,P5,29.46,34.9,34.81,0,881.64,3,6,-0.498,37.96,1321.39
373,2023-01-13,P16,22.85,25.75,22.47,0,753.53,1,4,-1.333,45.45,1021.26
374,2023-04-03,P12,31.15,35.6,30.08,0,1859.08,4,0,-0.989,86.86,2612.75
375,2023-03-31,P6,36.51,37.29,30.52,0,1800.37,3,4,-2.575,42.56,1298.93
376,2023-08-20,P6,8.51,12.43,9.47,1,591.41,8,6,-0.208,87.33,827.02
377,2023-10-18,P12,27.09,32.28,30.86,0,876.01,10,2,-0.521,82.09,2533.3
378,2023-01-03,P12,15.67,16.77,17.31,1,1527.94,1,1,-1.833,45.84,793.49
379,2023-10-25,P8,10.16,14.37,16.04,0,1268.39,10,2,-1.149,44.73,717.47
380,2023-10-19,P8,31.58,39.63,38.65,0,1066.49,10,3,-2.758,19.6,757.54
381,2023-09-14,P13,32.38,30.08,25.14,0,335.56,9,3,-0.813,106.51,2677.66
382,2023-01-31,P3,32.28,38.28,32.06,0,1321.65,1,1,-1.741,41.09,1317.35
383,2023-12-15,P18,37.22,37.31,30.2,0,1736.99,12,4,-2.394,35.78,1080.56
384,2023-09-05,P3,49.71,49.06,49.23,0,678.12,9,1,-2.333,9.86,485.41
385,2023-05-16,P1,7.4,6.7,7.04,0,605.17,5,1,-2.81,9.23,64.98
386,2023-10-08,P10,48.13,62.3,63.62,1,450.54,10,6,-0.205,154.91,9855.37
387,2023-06-11,P20,23.87,25.18,29.19,0,1252.13,6,6,-2.557,18.72,546.44
388,2023-11-26,P3,24.44,25.79,24.4,1,1858.18,11,6,-0.888,34.77,848.39
389,2023-06-06,P16,45.4,50.91,47.82,0,1137.1,6,1,-0.613,43.12,2062.0
390,2023-02-08,P9,44.1,54.67,53.51,0,203.41,2,2,-2.144,10.85,580.58
391,2023-03-03,P13,18.63,23.94,28.7,0,418.68,3,4,-1.092,31.95,916.96
392,2023-07-27,P18,38.25,34.51,39.68,0,1555.98,7,3,-2.814,18.82,746.78
393,2023-03-24,P5,16.12,18.68,18.95,0,316.11,3,4,-1.565,26.98,511.27
394,2023-05-07,P6,40.33,40.46,36.06,0,1093.72,5,6,-0.661,39.24,1414.99
395,2023-05-25,P9,24.0,26.08,24.87,0,1446.52,5,3,-0.844,44.43,1104.97
396,2023-09-16,P18,13.76,17.43,19.66,0,1630.53,9,5,-2.131,27.08,532.39
397,2023-09-13,P13,42.07,59.6,58.36,0,1939.96,9,2,-2.369,25.48,1487.01
398,2023-12-19,P20,20.36,19.61,15.83,0,1009.79,12,1,-1.176,64.31,1018.03
399,2023-12-02,P5,45.89,65.9,55.84,0,1869.66,12,5,-2.842,26.44,1476.41
400,2023-07-28,P11,33.55,38.35,33.45,0,388.71,7,4,-0.501,53.51,1789.91
401,2023-12-21,P14,19.77,27.56,23.6,0,266.08,12,3,-2.654,18.55,437.78
402,2023-11-14,P14,42.93,48.65,50.96,0,869.92,11,1,-2.075,19.5,993.72
403,2023-12-24,P17,24.82,31.3,23.22,1,1784.17,12,6,-1.327,63.68,1478.65
404,2023-12-12,P2,37.77,51.67,52.75,1,1900.99,12,1,-1.586,32.65,1722.29
405,2023-11-04,P6,48.59,53.82,62.41,0,1797.22,11,5,-2.894,15.89,991.69
406,2023-05-09,P17,44.11,58.78,65.46,0,234.8,5,1,-2.352,0.0,0.0
407,2023-01-02,P2,33.87,50.56,42.98,0,1676.84,1,0,-2.136,20.5,881.09
408,2023-07-01,P11,10.04,14.01,13.59,0,738.21,7,5,-0.878,25.88,351.71
409,2023-11-11,P2,33.75,47.0,39.25,0,700.62,11,5,-1.331,26.03,1021.68
410,2023-06-07,P2,21.25,19.21,19.65,0,835.33,6,2,-2.778,24.9,489.28
411,2023-03-31,P19,5.95,7.37,8.82,0,769.64,3,4,-2.198,10.98,96.84
412,2023-03-03,P16,35.86,41.34,41.55,0,926.5,3,4,-0.923,57.03,2369.6
413,2023-12-04,P1,37.59,51.57,50.12,1,1546.24,12,0,-0.89,70.11,3513.91
414,2023-10-31,P12,36.95,36.76,38.96,0,1274.92,10,1,-2.559,28.67,1116.98
415,2023-12-10,P2,48.54,63.41,74.98,0,1022.5,12,6,-1.87,22.69,1701.3
416,2023-11-18,P14,18.59,20.87,19.39,0,426.14,11,5,-0.424,134.05,2599.23
417,2023-11-30,P4,42.27,46.23,50.21,0,507.82,11,3,-0.558,20.14,1011.23
418,2023-07-13,P11,48.34,65.57,67.68,0,1820.31,7,3,-0.789,73.28,4959.59
419,2023-01-30,P16,16.87,23.42,20.33,0,849.9,1,0,-1.574,16.15,328.33
420,2023-10-03,P3,13.2,13.95,15.4,0,1401.79,10,1,-2.96,26.84,413.34
421,2023-04-11,P13,29.1,30.89,26.21,0,1952.87,4,1,-1.352,52.14,1366.59
422,2023-11-05,P16,24.26,22.87,23.04,0,920.09,11,6,-2.56,17.15,395.14
423,2023-11-28,P9,27.26,29.73,24.52,1,1304.22,11,1,-0.886,76.11,1866.22
424,2023-12-19,P18,17.17,19.5,16.41,0,1242.97,12,1,-0.747,81.37,1335.28
425,2023-02-11,P4,42.61,63.06,73.81,0,454.72,2,5,-1.938,1.55,114.41
426,2023-01-17,P3,28.4,29.61,25.7,0,299.44,1,1,-1.799,20.1,516.57
427,2023-03-31,P4,34.48,31.57,37.42,0,164.0,3,4,-2.818,0.0,0.0
428,2023-02-23,P8,43.72,50.56,40.9,0,1602.81,2,3,-1.848,22.93,937.84
429,2023-11-19,P12,8.1,10.38,6.68,1,78.23,11,6,-1.374,5.32,35.54
430,2023-01-07,P4,20.76,26.98,27.44,0,1833.89,1,5,-0.579,87.56,2402.65
431,2023-05-12,P6,42.73,54.04,55.91,0,1543.34,5,4,-1.757,16.96,948.23
432,2023-01-20,P13,24.22,28.36,25.68,0,377.18,1,4,-0.747,43.49,1116.82
433,2023-02-25,P10,41.85,42.37,50.21,0,1270.05,2,5,-2.233,15.7,788.3
434,2023-07-07,P16,48.12,45.05,53.21,0,771.7,7,4,-2.508,4.9,260.73
435,2023-03-04,P11,32.59,34.17,33.98,0,591.09,3,5,-2.261,18.33,622.85
436,2023-10-04,P15,38.53,54.31,49.61,0,53.0,10,2,-1.464,15.9,788.8
437,2023-10-21,P19,23.42,28.4,31.02,1,104.55,10,5,-0.769,48.61,1507.88
438,2023-03-08,P7,24.65,33.0,37.03,0,624.43,3,2,-0.993,33.01,1222.36
439,2023-01-18,P15,29.45,33.53,39.03,0,1954.27,1,2,-1.046,47.66,1860.17
440,2023-04-08,P6,14.83,15.9,16.51,0,1108.52,4,5,-2.334,23.86,393.93
441,2023-04-22,P14,5.5,7.39,8.6,0,204.96,4,5,-0.9,29.33,252.24
442,2023-11-14,P1,39.56,43.55,50.62,0,883.41,11,1,-1.555,22.1,1118.7
443,2023-10-05,P19,8.25,11.73,10.33,0,717.73,10,3,-0.602,17.98,185.73
444,2023-08-18,P8,16.53,20.91,16.86,1,1151.86,8,4,-0.247,86.53,1458.9
445,2023-09-13,P7,35.03,48.09,55.25,1,1257.26,9,2,-2.304,15.07,832.62
446,2023-11-28,P18,13.77,13.79,13.35,0,1637.44,11,1,-1.188,68.94,920.35
447,2023-03-26,P7,32.29,38.1,43.7,0,103.59,3,6,-2.233,7.67,335.18
448,2023-09-24,P13,38.56,36.54,33.77,0,962.94,9,6,-2.46,39.73,1341.68
449,2023-12-03,P14,35.49,45.93,36.76,1,856.39,12,6,-1.645,26.99,992.15
450,2023-03-03,P9,12.57,15.89,16.13,0,1070.39,3,4,-1.342,23.2,374.22
451,2023-05-30,P3,37.07,34.35,38.58,0,348.07,5,1,-1.745,12.6,486.11
452,2023-01-20,P15,37.41,36.31,38.26,0,1240.74,1,4,-0.368,125.43,4798.95
453,2023-01-01,P11,14.72,18.8,21.77,0,1113.56,1,6,-2.4,15.8,343.97
454,2023-10-19,P9,25.01,30.39,25.51,1,527.66,10,3,-1.298,49.7,1267.85
455,2023-06-23,P11,35.84,50.99,48.47,0,662.75,6,4,-2.403,11.45,554.98
456,2023-05-18,P4,42.99,41.92,46.11,0,1588.17,5,3,-2.148,8.51,392.4
457,2023-10-15,P1,15.1,19.43,20.31,0,140.44,10,6,-0.344,106.22,2157.33
458,2023-06-05,P11,6.86,9.92,7.1,1,392.34,6,0,-1.13,13.17,93.51
459,2023-01-20,P8,16.27,19.88,23.14,0,1959.51,1,4,-0.565,93.06,2153.41
460,2023-10-13,P2,10.02,13.86,15.3,0,1550.73,10,4,-2.655,11.49,175.8
461,2023-09-23,P10,21.15,27.22,29.18,0,1903.04,9,5,-1.183,55.03,1605.78
462,2023-08-04,P17,30.8,44.02,39.59,0,86.49,8,4,-0.202,133.11,5269.82
463,2023-12-07,P12,24.21,30.76,35.74,0,835.99,12,3,-2.554,19.75,705.86
464,2023-07-27,P2,34.33,46.55,52.1,1,454.54,7,3,-0.632,47.28,2463.29
465,2023-10-20,P14,14.66,14.91,15.6,0,658.19,10,4,-2.285,13.34,208.1
466,2023-02-05,P6,31.13,32.87,26.62,0,1620.77,2,6,-2.039,35.52,945.54
467,2023-11-10,P12,38.06,40.27,44.31,0,1787.64,11,4,-2.878,38.51,1706.38
468,2023-01-17,P16,17.63,24.3,26.39,0,806.94,1,1,-2.336,13.54,357.32
469,2023-11-12,P10,6.27,5.68,6.07,0,264.29,11,6,-0.595,51.44,312.24
470,2023-06-19,P15,8.05,10.46,9.48,0,1947.66,6,0,-2.456,22.47,213.02
471,2023-12-02,P16,25.07,25.39,24.66,0,1542.68,12,5,-1.547,38.23,942.75
472,2023-05-12,P15,37.73,56.22,50.01,0,1086.75,5,4,-1.934,12.36,618.12
473,2023-12-22,P17,23.55,25.36,21.52,0,561.48,12,4,-2.786,23.43,504.21
474,2023-09-26,P18,36.33,43.6,40.0,0,1050.64,9,1,-1.212,45.57,1822.8
475,2023-02-08,P15,47.2,55.85,56.0,0,908.3,2,2,-1.911,23.1,1293.6
476,2023-07-17,P9,23.39,21.35,18.89,0,1237.52,7,0,-1.996,24.44,461.67
477,2023-08-11,P6,27.52,25.67,28.22,0,1601.79,8,4,-1.954,39.82,1123.72
478,2023-01-21,P17,27.98,36.58,29.75,0,285.71,1,5,-2.721,11.36,337.96
479,2023-04-05,P6,9.36,12.07,11.46,0,1662.64,4,2,-0.926,25.23,289.14
480,2023-02-19,P16,6.76,9.37,9.32,0,834.79,2,6,-2.769,10.11,94.23
481,2023-11-12,P4,42.36,46.66,49.02,1,821.97,11,6,-2.635,9.7,475.49
482,2023-07-31,P6,40.65,57.19,57.73,0,311.95,7,0,-0.617,70.1,4046.87
483,2023-07-31,P12,31.79,45.04,52.63,0,1994.13,7,0,-1.304,39.65,2086.78
484,2023-05-08,P3,38.25,49.81,52.63,0,112.9,5,0,-1.918,10.49,552.09
485,2023-12-16,P18,6.73,9.57,7.1,1,611.75,12,5,-1.184,61.22,434.66
486,2023-01-28,P7,22.19,26.03,26.81,0,1854.02,1,5,-1.785,36.16,969.45
487,2023-10-23,P18,28.01,37.36,33.24,0,620.34,10,0,-1.096,46.88,1558.29
488,2023-01-28,P20,44.64,41.16,34.53,0,288.55,1,5,-1.625,12.55,433.35
489,2023-02-10,P16,14.69,17.16,17.37,0,1019.28,2,4,-0.961,62.66,1088.4
490,2023-02-26,P20,24.63,34.5,33.68,0,1065.67,2,6,-0.655,36.72,1236.73
491,2023-07-08,P14,6.85,7.67,7.15,0,163.39,7,5,-0.592,28.98,207.21
492,2023-10-11,P11,33.1,44.04,49.07,0,1611.07,10,2,-0.746,20.54,1007.9
493,2023-03-29,P15,9.69,13.26,13.12,0,104.07,3,2,-2.221,8.23,107.98
494,2023-04-29,P7,17.3,16.41,16.26,0,1413.63,4,5,-0.796,32.73,532.19
495,2023-04-26,P17,36.96,52.0,45.23,0,278.63,4,2,-1.928,15.79,714.18
496,2023-03-05,P4,11.31,11.02,11.92,0,851.42,3,6,-2.494,8.18,97.51
497,2023-11-08,P10,32.17,30.47,27.54,1,961.65,11,2,-1.709,42.09,1159.16
498,2023-01-11,P4,14.99,18.7,21.89,0,1.74,1,2,-1.114,26.92,589.28
499,2023-05-27,P7,15.16,17.08,14.65,0,859.87,5,5,-1.376,51.28,751.25
500,2023-05-10,P5,38.2,54.98,49.43,0,872.01,5,2,-1.318,36.9,1823.97
501,2023-11-20,P9,20.32,20.79,23.96,0,249.86,11,0,-1.653,26.05,624.16
502,2023-10-07,P13,11.26,15.13,15.87,1,1750.8,10,5,-1.992,24.61,390.56
503,2023-05-16,P15,23.04,21.57,23.65,0,181.17,5,1,-2.768,7.19,170.04
504,2023-07-09,P8,10.6,15.08,12.19,0,1358.38,7,6,-1.702,31.83,388.01
505,2023-09-16,P16,44.54,55.57,65.09,0,321.81,9,5,-2.927,6.19,402.91
506,2023-03-26,P14,18.44,24.94,28.63,0,1446.71,3,6,-1.035,27.65,791.62
507,2023-11-01,P12,30.29,41.06,43.3,0,403.7,11,2,-2.176,21.48,930.08
508,2023-07-11,P18,18.26,25.48,28.34,1,533.28,7,1,-0.375,23.13,655.5
509,2023-04-29,P17,26.81,27.0,23.94,1,533.3,4,5,-1.176,72.71,1740.68
510,2023-10-19,P14,36.81,50.19,45.34,0,1884.04,10,3,-2.6,22.09,1001.56
511,2023-12-19,P4,20.37,23.64,19.42,0,700.16,12,1,-0.218,103.34,2006.86
512,2023-01-07,P18,38.53,37.32,34.24,0,630.3,1,5,-2.969,14.99,513.26
513,2023-12-09,P13,13.3,17.58,19.2,0,1842.73,12,5,-1.821,24.51,470.59
514,2023-11-15,P5,9.81,12.98,11.78,0,1241.11,11,2,-2.865,18.27,215.22
515,2023-06-17,P20,6.9,7.6,8.37,0,1457.27,6,5,-2.107,19.45,162.8
516,2023-08-31,P3,35.66,40.96,46.97,0,1949.28,8,3,-1.199,50.02,2349.44
517,2023-09-04,P2,5.02,7.25,8.36,0,1095.46,9,0,-2.883,20.85,174.31
518,2023-05-22,P10,34.74,34.46,28.71,0,1479.96,5,0,-1.058,73.7,2115.93
519,2023-12-01,P3,10.32,10.98,10.1,0,1919.49,12,4,-0.855,36.02,363.8
520,2023-05-25,P20,8.71,11.18,12.8,0,569.31,5,3,-1.002,19.38,248.06
521,2023-05-13,P12,24.69,33.1,27.48,1,272.61,5,5,-1.509,14.69,403.68
522,2023-09-28,P4,24.82,25.8,22.39,0,1521.2,9,3,-0.715,38.43,860.45
523,2023-06-17,P19,43.97,46.04,45.76,0,1855.25,6,5,-1.559,51.49,2356.18
524,2023-06-16,P20,48.12,44.83,37.3,0,1397.33,6,4,-1.187,61.32,2287.24
525,2023-08-22,P13,33.64,50.03,44.44,0,1483.65,8,1,-1.22,49.32,2191.78
526,2023-06-16,P17,11.35,11.11,11.19,0,793.62,6,4,-1.606,42.03,470.32
527,2023-12-31,P1,37.32,34.24,28.91,0,1330.5,12,6,-0.882,45.66,1320.03
528,2023-09-29,P5,35.85,33.72,31.17,0,574.33,9,4,-1.918,38.88,1211.89
529,2023-06-16,P2,29.88,27.09,24.58,0,1371.98,6,4,-0.592,52.33,1286.27
530,2023-10-04,P7,17.44,23.06,20.88,0,679.67,10,2,-2.617,11.98,250.14
531,2023-08-09,P19,36.49,42.32,48.92,0,1820.28,8,2,-1.443,17.74,867.84
532,2023-05-24,P6,19.88,24.96,29.34,0,1592.16,5,2,-2.363,24.83,728.51
533,2023-05-11,P6,11.83,14.37,15.44,0,1879.42,5,3,-1.453,37.66,581.47
534,2023-04-26,P11,11.8,16.98,19.23,0,1602.72,4,2,-0.757,45.1,867.27
535,2023-08-23,P11,20.64,27.91,29.05,1,656.96,8,2,-2.206,0.0,0.0
536,2023-04-13,P4,14.57,16.65,16.7,0,1356.31,4,3,-0.536,98.18,1639.61
537,2023-05-09,P16,12.79,12.62,14.15,0,1427.51,5,1,-0.36,142.0,2009.3
538,2023-08-28,P10,21.26,30.58,25.46,1,1756.32,8,0,-1.353,26.69,679.53
539,2023-01-29,P13,12.07,11.03,10.18,0,729.15,1,6,-0.92,60.42,615.08
540,2023-02-28,P5,17.26,15.61,15.76,0,291.84,2,1,-2.281,11.93,188.02
541,2023-12-04,P8,26.46,38.95,31.79,0,153.59,12,0,-0.329,99.22,3154.2
542,2023-02-02,P15,39.16,43.5,52.08,0,1249.12,2,3,-1.127,52.99,2759.72
543,2023-10-26,P7,28.0,25.86,21.71,0,1433.75,10,3,-0.355,71.9,1560.95
544,2023-04-04,P15,17.85,21.92,21.59,0,1135.78,4,1,-2.272,22.95,495.49
545,2023-10-14,P16,31.07,36.5,40.38,0,1175.45,10,5,-2.834,8.98,362.61
546,2023-02-12,P15,26.32,29.3,32.81,0,832.75,2,6,-1.564,10.24,335.97
547,2023-02-18,P14,36.02,33.53,33.38,0,1406.83,2,5,-0.313,77.4,2583.61
548,2023-06-12,P2,41.2,37.36,28.77,1,1173.61,6,0,-0.907,91.94,2645.11
549,2023-01-27,P17,33.51,44.69,47.36,1,724.59,1,4,-1.469,14.52,687.67
550,2023-05-01,P15,40.7,52.08,46.9,0,1012.22,5,0,-2.141,22.51,1055.72
551,2023-11-02,P18,5.96,8.61,8.07,0,942.1,11,3,-0.878,38.0,306.66
552,2023-11-07,P4,31.07,29.91,34.4,0,1447.38,11,1,-2.295,22.47,772.97
553,2023-01-25,P15,18.76,16.98,18.77,0,1592.49,1,2,-1.804,47.02,882.57
554,2023-10-16,P12,7.46,7.74,9.09,0,217.65,10,0,-0.472,27.21,247.34
555,2023-01-02,P9,22.03,26.92,22.95,0,598.56,1,0,-1.592,19.19,440.41
556,2023-09-20,P15,49.66,57.34,52.05,0,211.56,9,2,-2.399,19.33,1006.13
557,2023-04-13,P2,43.24,59.97,67.5,0,801.31,4,3,-1.341,13.11,884.92
558,2023-05-12,P1,31.91,38.37,28.99,1,506.12,5,4,-1.904,5.67,164.37
559,2023-02-16,P11,45.5,57.24,67.05,0,769.34,2,3,-0.655,38.19,2560.64
560,2023-07-26,P9,30.93,32.88,34.26,0,768.1,7,2,-1.677,18.2,623.53
561,2023-12-08,P11,43.1,58.16,66.06,1,867.63,12,4,-0.278,109.28,7219.04
562,2023-07-08,P19,25.13,26.25,28.3,0,576.26,7,5,-2.121,12.73,360.26
563,2023-04-26,P15,7.28,7.25,8.11,0,642.56,4,2,-0.845,73.2,593.65
564,2023-03-15,P16,31.9,30.62,32.64,0,204.73,3,2,-1.538,36.29,1184.51
565,2023-08-26,P10,32.92,40.69,44.37,0,657.67,8,5,-0.763,66.86,2966.58
566,2023-03-19,P8,34.62,41.55,32.53,1,790.13,3,6,-1.32,51.16,1664.23
567,2023-10-02,P11,22.89,22.75,22.69,0,846.05,10,0,-1.766,12.73,288.84
568,2023-12-19,P16,22.61,33.21,31.0,0,508.32,12,1,-0.813,31.05,962.55
569,2023-08-26,P2,34.05,33.64,30.99,1,1189.95,8,5,-1.067,52.53,1627.9
570,2023-05-21,P14,47.05,61.1,54.46,0,1367.73,5,6,-0.984,55.49,3021.99
571,2023-06-23,P8,47.44,42.84,50.39,0,374.78,6,4,-0.655,102.53,5166.49
572,2023-08-30,P16,48.89,51.95,59.47,0,533.55,8,2,-1.492,21.27,1264.93
573,2023-12-18,P14,15.84,14.76,16.55,0,1401.49,12,0,-2.575,21.07,348.71
574,2023-07-24,P15,28.32,40.87,36.99,0,755.3,7,0,-0.275,117.8,4357.42
575,2023-07-07,P10,29.2,35.84,36.0,0,312.36,7,4,-1.39,32.67,1176.12
576,2023-06-03,P9,20.1,24.55,26.26,0,1999.6,6,5,-1.074,30.43,799.09
577,2023-11-27,P1,26.86,32.94,31.22,0,312.38,11,0,-2.719,13.55,423.03
578,2023-06-12,P17,24.26,31.92,35.57,0,728.49,6,0,-2.756,6.5,231.2
579,2024-01-01,P19,40.03,37.97,34.73,1,821.81,1,0,-2.55,19.01,660.22
580,2023-01-13,P12,40.57,46.18,41.65,0,1164.18,1,4,-1.596,14.16,589.76
581,2023-10-11,P11,39.21,48.8,43.12,0,1333.79,10,2,-0.559,91.95,3964.88
582,2023-05-08,P5,27.76,35.39,32.43,0,1490.93,5,0,-1.182,46.79,1517.4
583,2023-08-22,P19,30.79,44.38,33.81,1,1662.62,8,1,-0.376,156.03,5275.37
584,2023-09-11,P3,12.64,16.62,15.64,0,1116.33,9,0,-2.51,24.96,390.37
585,2023-05-29,P17,41.36,51.3,48.74,0,1404.28,5,0,-2.814,16.36,797.39
586,2023-10-07,P4,15.72,14.23,14.03,0,101.82,10,5,-1.301,32.37,454.15
587,2023-02-24,P12,35.89,50.81,53.6,1,1545.24,2,4,-2.403,6.73,360.73
588,2023-05-28,P13,32.81,33.73,39.18,0,72.75,5,6,-2.672,6.03,236.26
589,2023-04-03,P6,38.45,49.44,42.36,0,1608.65,4,0,-2.993,25.16,1065.78
590,2023-11-24,P16,13.51,18.17,20.4,0,492.34,11,4,-1.8,9.47,193.19
591,2023-11-21,P15,16.4,20.77,17.94,1,1348.44,11,1,-1.712,22.21,398.45
592,2023-08-18,P7,35.78,53.28,54.69,0,1012.33,8,4,-0.52,35.74,1954.62
593,2023-07-30,P19,39.73,48.35,42.52,0,1150.57,7,6,-1.606,30.23,1285.38
594,2023-07-18,P4,6.51,7.31,8.46,0,98.93,7,1,-0.608,56.51,478.07
595,2023-04-06,P16,8.64,9.22,8.07,0,16.76,4,3,-0.984,31.11,251.06
596,2023-12-29,P10,46.19,63.34,66.42,1,1993.46,12,4,-2.038,28.58,1898.28
597,2023-07-08,P5,22.33,21.77,18.76,0,691.99,7,5,-2.762,14.56,273.15
598,2023-05-05,P8,29.44,28.12,30.4,0,1385.64,5,4,-0.508,31.02,943.01
599,2023-02-14,P15,26.08,24.88,25.09,0,603.1,2,1,-1.645,21.16,530.9
600,2023-09-21,P18,36.04,36.76,32.96,1,466.2,9,3,-1.916,26.47,872.45
601,2023-05-22,P2,38.64,36.1,41.07,1,18.7,5,0,-2.078,9.71,398.79
602,2023-05-21,P12,40.79,48.61,44.39,0,291.66,5,6,-0.893,24.9,1105.31
603,2023-12-23,P8,17.23,20.41,23.71,0,746.25,12,5,-2.215,11.14,264.13
604,2023-09-21,P12,5.22,7.03,7.8,0,9.18,9,3,-0.964,26.83,209.27
605,2023-04-01,P3,6.65,6.9,7.04,0,542.47,4,5,-0.993,63.36,446.05
606,2023-07-12,P3,42.73,63.35,59.94,0,1332.29,7,2,-1.241,44.44,2663.73
607,2023-03-05,P11,45.03,48.48,45.02,0,791.41,3,6,-1.4,39.91,1796.75
608,2023-02-17,P15,45.09,52.43,52.85,0,978.5,2,4,-2.493,14.73,778.48
609,2023-03-09,P20,41.38,49.94,59.62,0,1353.57,3,3,-0.783,51.23,3054.33
610,2023-05-09,P13,14.34,15.47,17.11,0,1381.49,5,1,-1.753,18.15,310.55
611,2023-10-15,P20,27.29,39.92,37.39,1,1140.7,10,6,-0.454,88.6,3312.75
612,2023-04-09,P19,7.5,9.7,7.81,0,1975.81,4,6,-0.573,72.01,562.4
613,2023-03-08,P4,22.13,20.39,21.71,0,454.93,3,2,-0.249,105.72,2295.18
614,2023-03-09,P6,13.84,20.22,18.53,0,1555.9,3,3,-1.467,17.9,331.69
615,2023-05-23,P15,26.44,39.17,31.75,0,1016.46,5,1,-1.461,37.87,1202.37
616,2023-03-03,P15,43.6,41.95,49.64,0,840.01,3,4,-2.354,20.95,1039.96
617,2023-04-24,P14,11.54,10.75,11.05,0,414.9,4,0,-2.377,13.94,154.04
618,2023-01-06,P8,25.96,37.01,43.05,0,1068.66,1,4,-0.598,25.41,1093.9
619,2023-01-07,P18,45.87,63.95,53.24,0,914.71,1,5,-0.452,103.32,5500.76
620,2023-10-02,P19,14.64,14.2,14.77,0,1719.17,10,0,-0.302,74.27,1096.97
621,2023-06-15,P14,15.19,14.35,11.76,0,380.72,6,3,-1.531,60.47,711.13
622,2023-06-21,P9,11.82,16.36,15.27,0,536.42,6,2,-2.015,0.0,0.0
623,2023-12-03,P8,12.11,16.97,19.45,0,1603.13,12,6,-0.372,83.63,1626.6
624,2023-10-17,P18,28.59,39.45,39.54,0,907.58,10,1,-0.403,119.11,4709.61
625,2023-05-17,P19,44.6,62.25,66.87,0,168.4,5,2,-1.904,11.16,746.27
626,2023-07-17,P10,7.66,8.54,7.59,0,802.6,7,0,-2.323,17.15,130.17
627,2023-06-16,P15,35.83,43.79,33.76,1,792.14,6,4,-1.784,18.09,610.72
628,2023-04-22,P10,26.61,33.22,38.49,0,433.57,4,5,-0.649,64.0,2463.36
629,2023-09-05,P14,34.15,35.66,29.15,0,1997.33,9,1,-2.593,34.14,995.18
630,2023-02-23,P17,33.34,32.78,36.75,0,1791.63,2,3,-2.305,37.77,1388.05
631,2023-09-21,P14,36.51,43.87,47.55,0,1657.48,9,3,-2.241,31.01,1474.53
632,2023-10-18,P3,20.33,19.94,20.73,0,1135.47,10,2,-2.158,27.86,577.54
633,2023-10-02,P7,21.46,28.59,27.69,0,1375.15,10,0,-2.687,13.73,380.18
634,2023-03-03,P16,11.26,13.65,11.86,0,1913.83,3,4,-0.726,70.65,837.91
635,2023-10-03,P15,38.82,51.23,44.22,1,1251.52,10,1,-2.558,8.14,359.95
636,2023-05-21,P18,18.97,20.42,21.39,0,7.69,5,6,-1.996,4.21,90.05
637,2023-07-24,P3,27.11,30.63,28.24,0,926.48,7,0,-1.229,34.97,987.55
638,2023-04-20,P1,25.66,36.15,33.34,1,1099.41,4,3,-1.004,56.59,1886.71
639,2023-01-25,P8,36.61,35.63,32.46,0,1063.78,1,2,-1.601,26.48,859.54
640,2023-10-13,P10,8.55,11.11,10.97,0,727.55,10,4,-2.437,5.38,59.02
641,2023-11-01,P12,30.32,44.58,45.96,0,400.04,11,2,-0.721,68.13,3131.25
642,2023-12-19,P7,29.93,34.72,33.68,0,1037.97,12,1,-0.84,72.2,2431.7
643,2023-01-11,P3,23.34,30.6,35.1,0,562.01,1,2,-1.274,22.99,806.95
644,2023-01-14,P19,26.14,39.03,35.02,1,1940.3,1,5,-2.422,26.03,911.57
645,2023-07-10,P2,11.28,14.71,12.15,0,55.0,7,0,-0.565,53.86,654.4
646,2023-10-21,P11,13.08,15.92,13.16,0,1910.89,10,5,-0.213,51.88,682.74
647,2023-09-01,P2,46.24,56.63,53.71,0,388.01,9,4,-2.852,4.66,250.29
648,2023-06-24,P17,34.69,48.7,45.15,0,299.95,6,5,-1.263,16.2,731.43
649,2023-10-08,P9,29.66,37.34,32.22,0,341.84,10,6,-2.949,0.0,0.0
650,2023-06-16,P9,16.96,23.28,24.01,0,197.73,6,4,-1.871,12.11,290.76
651,2023-06-13,P1,43.16,42.79,35.49,0,312.84,6,1,-1.971,19.39,688.15
652,2023-09-30,P7,9.65,13.04,14.2,0,1169.59,9,5,-1.056,34.3,487.06
653,2023-06-03,P9,40.24,38.67,36.8,1,1873.34,6,5,-2.836,33.48,1232.06
654,2023-08-26,P17,5.63,5.81,6.08,0,1320.48,8,5,-0.574,50.49,306.98
655,2023-01-16,P7,30.09,44.18,38.66,0,1879.26,1,0,-1.789,34.07,1317.15
656,2023-09-18,P14,45.56,66.44,76.19,1,674.4,9,0,-1.753,20.85,1588.56
657,2023-02-22,P9,42.86,49.13,42.03,0,1724.31,2,2,-0.526,45.59,1916.15
658,2023-12-24,P2,5.85,5.81,5.43,0,847.03,12,6,-1.413,51.41,279.16
659,2023-03-30,P16,31.43,46.53,41.2,0,270.01,3,3,-1.559,40.93,1686.32
660,2023-05-31,P9,26.93,35.55,41.92,0,1638.81,5,2,-1.176,19.56,819.96
661,2023-12-09,P8,9.5,12.69,13.87,0,571.9,12,5,-0.271,55.43,768.81
662,2023-09-02,P11,24.2,30.76,34.89,0,1232.02,9,5,-1.103,41.82,1459.1
663,2023-12-14,P19,10.65,12.57,11.13,0,1813.19,12,3,-2.059,28.75,319.99
664,2023-11-29,P19,11.48,11.06,9.91,0,237.43,11,2,-1.633,53.94,534.55
665,2023-01-04,P19,43.04,43.11,46.89,0,1057.84,1,2,-1.582,31.56,1479.85
666,2023-03-21,P5,25.07,24.99,18.0,1,476.05,3,1,-1.866,34.76,625.68
667,2023-11-18,P6,45.31,49.27,57.56,0,1283.53,11,5,-1.684,34.51,1986.4
668,2023-01-21,P13,30.82,44.01,45.99,0,1403.03,1,5,-1.844,27.06,1244.49
669,2023-04-05,P14,24.34,30.67,32.4,1,151.3,4,2,-1.979,10.24,331.78
670,2023-02-17,P20,47.36,46.26,39.08,0,1460.68,2,4,-2.44,29.41,1149.34
671,2023-03-03,P8,18.53,23.26,22.97,0,1021.62,3,4,-0.705,84.76,1946.94
672,2023-03-10,P16,10.9,15.95,13.96,0,1425.41,3,4,-2.007,16.51,230.48
673,2023-02-04,P15,12.78,15.48,13.31,0,1093.4,2,5,-1.182,27.67,368.29
674,2023-06-03,P7,27.91,39.28,36.9,0,1329.92,6,5,-0.267,27.96,1031.72
675,2023-02-09,P13,24.53,28.15,30.32,0,1998.95,2,3,-0.54,93.37,2830.98
676,2023-01-26,P2,37.44,52.48,51.75,0,435.41,1,3,-1.395,2.27,117.47
677,2023-03-04,P6,45.24,44.56,46.99,0,581.09,3,5,-2.05,19.47,914.9
678,2023-08-10,P18,40.74,51.78,61.88,0,1249.2,8,3,-2.996,4.64,287.12
679,2023-07-12,P2,13.91,18.9,22.46,0,1029.01,7,2,-1.253,28.54,641.01
680,2023-11-20,P15,44.38,48.82,39.21,0,1420.87,11,0,-2.881,31.73,1244.13
681,2023-05-26,P8,14.93,14.11,16.49,0,1561.16,5,4,-0.294,74.14,1222.57
682,2023-02-10,P10,6.0,5.46,6.38,0,756.24,2,4,-2.257,13.89,88.62
683,2023-02-07,P14,5.99,7.86,9.11,0,31.64,2,1,-1.183,30.92,281.68
684,2023-12-29,P7,10.75,14.0,16.6,0,108.53,12,4,-0.309,101.35,1682.41
685,2023-01-27,P11,38.84,54.37,55.78,0,1005.33,1,4,-1.037,35.99,2007.52
686,2023-10-23,P19,32.08,28.89,34.16,0,1361.41,10,0,-2.092,14.02,478.92
687,2023-02-16,P3,26.32,33.79,35.92,0,1851.0,2,3,-2.979,18.54,665.96
688,2023-12-04,P18,15.09,19.19,21.63,0,824.63,12,0,-0.888,53.95,1166.94
689,2023-05-29,P1,10.83,10.16,11.13,0,165.31,5,0,-1.676,17.5,194.78
690,2023-03-06,P20,47.05,57.87,58.78,0,993.03,3,0,-0.496,110.06,6469.33
691,2023-09-19,P1,40.02,37.26,35.17,0,1125.41,9,1,-1.927,45.4,1596.72
692,2023-08-23,P1,18.8,24.33,27.12,1,1321.4,8,2,-0.681,78.78,2136.51
693,2023-03-18,P12,21.57,30.93,26.27,0,1577.63,3,5,-1.146,40.45,1062.62
694,2023-07-29,P4,15.97,18.36,21.97,0,1077.77,7,5,-1.206,34.03,747.64
695,2023-06-21,P17,33.36,48.63,44.32,0,117.17,6,2,-2.068,8.25,365.64
696,2023-09-18,P11,43.57,47.52,49.35,0,1863.75,9,0,-0.359,142.64,7039.28
697,2023-10-11,P12,40.93,60.51,49.37,0,263.45,10,2,-2.539,2.42,119.48
698,2023-08-02,P8,33.28,31.49,28.67,1,610.48,8,2,-1.475,36.34,1041.87
699,2023-02-03,P11,20.48,26.2,28.95,0,1843.48,2,4,-0.898,59.41,1719.92
700,2023-07-26,P13,21.81,24.3,22.09,0,1461.23,7,2,-1.236,38.99,861.29
701,2023-08-23,P14,17.83,24.33,24.23,0,1538.49,8,2,-2.499,22.68,549.54
702,2023-01-16,P19,32.55,35.32,33.95,0,1599.83,1,0,-1.528,35.87,1217.79
703,2023-06-28,P11,13.68,13.57,13.5,0,102.11,6,2,-2.812,8.45,114.07
704,2023-11-24,P17,33.43,38.79,41.25,0,1102.92,11,4,-1.031,68.18,2812.42
705,2023-08-15,P11,48.96,68.01,71.19,0,1634.55,8,1,-2.488,9.4,669.19
706,2023-07-14,P11,32.36,46.16,37.94,0,1915.9,7,4,-1.65,29.09,1103.67
707,2023-05-31,P9,44.29,47.26,54.99,0,290.0,5,2,-2.794,4.85,266.7
708,2023-03-27,P5,46.58,62.12,53.22,1,845.84,3,0,-1.264,39.77,2116.56
709,2023-01-23,P1,44.28,56.71,64.39,0,1460.0,1,0,-0.281,24.34,1567.25
710,2023-06-20,P1,26.45,36.63,33.22,1,415.4,6,1,-1.908,11.55,383.69
711,2023-05-21,P20,36.62,36.41,37.39,0,1135.55,5,6,-1.525,15.12,565.34
712,2023-03-20,P18,34.02,31.86,33.23,1,1430.66,3,0,-1.0,26.48,879.93
713,2023-05-19,P5,41.13,54.05,59.38,0,406.28,5,4,-2.001,5.83,346.19
714,2023-02-07,P4,13.64,14.95,14.06,0,1242.32,2,1,-0.554,32.18,452.45
715,2023-10-12,P2,18.42,22.16,26.08,0,1074.58,10,3,-2.567,11.44,298.36
716,2023-11-25,P7,40.54,44.93,38.38,1,1393.07,11,5,-1.959,32.73,1256.18
717,2023-07-06,P20,38.57,46.23,50.14,0,1307.71,7,3,-0.681,86.27,4325.58
718,2023-02-10,P1,33.61,41.72,41.21,0,254.65,2,4,-1.75,12.69,522.95
719,2023-06-25,P20,45.48,50.28,46.93,1,516.67,6,6,-2.99,13.19,619.01
720,2023-09-07,P4,19.66,29.25,23.52,0,1355.97,9,3,-2.713,15.51,364.8
721,2023-12-15,P4,20.36,21.8,22.41,0,1819.79,12,4,-1.594,30.59,685.52
722,2023-03-06,P13,23.84,35.48,39.11,0,837.0,3,0,-2.598,10.15,396.97
723,2023-06-29,P12,11.29,15.12,15.37,1,1772.89,6,3,-2.206,33.83,519.97
724,2023-09-20,P4,32.31,40.87,40.05,0,823.56,9,2,-1.876,12.78,511.84
725,2023-03-10,P5,31.05,30.06,31.65,0,1166.32,3,4,-1.279,14.17,448.48
726,2023-10-10,P20,25.25,31.17,26.29,0,462.52,10,1,-0.729,88.44,2325.09
727,2023-06-24,P3,7.66,8.08,7.94,0,566.15,6,5,-2.532,16.52,131.17
728,2023-07-03,P12,30.15,39.95,45.68,1,1151.06,7,0,-0.454,48.12,2198.12
729,2023-09-20,P9,15.73,23.35,19.36,0,1502.14,9,2,-1.011,26.48,512.65
730,2023-02-08,P8,13.08,17.47,18.99,0,951.77,2,2,-2.551,7.01,133.12
731,2023-05-14,P2,15.27,16.4,14.47,0,1867.03,5,6,-1.516,29.84,431.78
732,2023-02-17,P7,13.3,13.44,14.27,0,776.68,2,4,-2.315,13.74,196.07
733,2023-11-25,P12,29.7,39.45,31.66,1,631.36,11,5,-2.3,28.05,888.06
734,2023-04-09,P13,10.15,13.41,13.92,1,157.11,4,6,-2.081,10.84,150.89
735,2023-12-18,P2,18.55,25.44,20.59,1,407.38,12,0,-2.039,23.6,485.92
736,2023-07-26,P18,35.99,34.58,33.67,0,1523.63,7,2,-2.785,20.03,674.41
737,2023-09-26,P8,5.02,6.55,7.65,0,1329.85,9,1,-1.45,12.54,95.93
738,2023-08-05,P18,45.67,55.09,59.61,0,50.59,8,5,-2.184,11.78,702.21
739,2023-05-12,P11,40.25,53.25,54.5,1,1468.21,5,4,-2.927,9.24,503.58
740,2023-03-13,P11,24.08,32.85,32.47,0,1927.73,3,0,-1.107,28.13,913.38
741,2023-05-08,P8,19.69,19.8,20.41,0,1988.59,5,0,-1.22,72.59,1481.56
742,2023-08-04,P7,38.38,35.83,31.31,1,507.61,8,4,-2.278,4.89,153.11
743,2023-05-28,P15,31.84,34.53,33.49,0,935.33,5,6,-1.34,32.82,1099.14
744,2023-11-03,P7,26.62,26.72,29.99,1,1686.92,11,4,-2.731,11.75,352.38
745,2023-08-23,P19,39.59,58.34,63.63,1,795.7,8,2,-1.401,20.55,1307.6
746,2023-11-26,P17,38.43,55.13,45.08,0,1941.31,11,6,-0.759,81.1,3655.99
747,2023-09-14,P6,18.79,23.46,24.15,0,1491.49,9,3,-1.665,24.89,601.09
748,2023-01-23,P3,40.51,51.99,58.95,0,1515.08,1,0,-2.857,16.92,997.43
749,2023-01-26,P1,10.66,14.29,12.42,1,1705.59,1,3,-1.76,32.67,405.76
750,2023-06-14,P16,8.21,10.35,9.74,0,1365.23,6,2,-0.582,40.36,393.11
751,2023-09-28,P18,32.72,42.86,43.96,0,990.39,9,3,-2.657,20.33,893.71
752,2023-11-21,P4,27.5,28.52,33.65,0,293.42,11,1,-1.719,20.96,705.3
753,2023-11-15,P5,11.38,14.83,14.23,0,139.29,11,2,-1.289,12.81,182.29
754,2023-02-11,P9,46.78,60.02,69.32,0,844.07,2,5,-0.854,44.64,3094.44
755,2023-08-02,P4,12.44,12.09,10.07,0,592.34,8,2,-2.029,45.49,458.08
756,2023-06-14,P18,11.89,12.98,12.11,1,1192.87,6,2,-1.946,42.36,512.98
757,2023-08-07,P9,41.47,47.79,40.38,0,165.65,8,0,-2.046,17.29,698.17
758,2023-07-02,P15,10.83,12.18,8.95,1,316.64,7,6,-2.721,26.15,234.04
759,2023-07-07,P19,24.69,27.43,26.09,1,451.32,7,4,-0.947,48.81,1273.45
760,2023-04-02,P9,34.61,50.56,51.43,0,608.68,4,6,-1.725,21.01,1080.54
761,2023-12-01,P15,24.45,32.29,33.71,0,948.53,12,4,-0.551,110.28,3717.54
762,2023-01-31,P18,34.28,48.57,39.59,0,240.04,1,1,-2.875,4.76,188.45
763,2023-06-22,P13,31.81,39.26,44.35,0,1634.63,6,3,-2.028,21.66,960.62
764,2023-06-15,P2,6.13,8.77,8.02,1,902.98,6,3,-1.657,18.78,150.62
765,2023-07-22,P3,42.06,62.17,51.18,0,604.95,7,5,-1.214,28.83,1475.52
766,2023-04-17,P6,7.79,7.95,9.51,0,1725.89,4,0,-2.412,19.64,186.78
767,2023-12-11,P20,14.95,17.15,14.46,0,1485.79,12,0,-1.95,47.19,682.37
768,2023-02-12,P7,19.47,27.05,30.36,0,1294.51,2,6,-2.609,0.0,0.0
769,2023-12-09,P19,8.57,12.16,10.32,1,1183.41,12,5,-1.201,53.11,548.1
770,2023-09-30,P15,30.28,41.99,47.87,0,1738.39,9,5,-2.038,12.59,602.68
771,2023-03-16,P13,10.22,13.1,12.15,0,1068.72,3,3,-1.797,25.38,308.37
772,2023-09-17,P7,32.39,45.9,44.42,0,1722.98,9,6,-0.3,79.41,3527.39
773,2023-03-02,P9,48.75,59.49,52.8,0,1402.53,3,3,-2.045,32.63,1722.86
774,2023-06-03,P14,16.51,15.07,12.25,0,1880.55,6,5,-2.743,22.5,275.62
775,2023-10-12,P5,48.94,73.17,76.9,1,1884.08,10,3,-1.922,21.33,1640.28
776,2023-10-26,P6,40.8,60.64,59.55,0,704.33,10,3,-0.326,70.43,4194.11
777,2023-08-10,P5,36.52,42.18,37.12,0,154.54,8,3,-0.494,72.09,2675.98
778,2023-03-18,P18,9.41,10.78,12.26,0,1619.29,3,5,-0.836,57.6,706.18
779,2023-03-28,P14,14.72,20.82,24.33,0,1293.62,3,1,-0.523,64.88,1578.53
780,2023-03-26,P16,32.34,44.92,45.99,0,431.43,3,6,-0.953,50.15,2306.4
781,2023-07-29,P16,6.18,9.27,10.4,0,913.23,7,5,-2.449,6.41,66.66
782,2023-10-21,P17,31.91,37.81,33.96,0,1092.32,10,5,-0.233,19.96,677.84
783,2023-06-07,P6,46.26,43.6,41.8,1,914.63,6,2,-2.41,29.19,1220.14
784,2023-01-28,P19,19.98,23.26,19.01,0,415.37,1,5,-2.434,17.73,337.05
785,2023-04-13,P9,41.72,47.74,43.89,1,1905.89,4,3,-2.101,31.65,1389.12
786,2023-04-28,P8,28.24,33.86,35.2,1,22.65,4,4,-1.301,32.74,1152.45
787,2023-04-05,P14,12.65,11.69,10.87,0,1211.57,4,2,-1.553,24.44,265.66
788,2023-08-30,P17,35.55,50.28,43.44,1,1701.57,8,2,-2.705,19.65,853.6
789,2023-04-15,P9,27.16,30.14,33.74,0,664.59,4,5,-0.797,79.01,2665.8
790,2023-08-28,P20,22.93,24.69,24.34,0,527.88,8,0,-1.825,29.16,709.75
791,2023-01-04,P19,36.0,46.76,38.29,1,825.96,1,2,-2.33,16.88,646.34
792,2023-07-14,P10,25.33,28.02,29.76,1,1786.46,7,4,-1.706,25.95,772.27
793,2023-03-26,P1,10.97,10.38,9.32,0,685.82,3,6,-2.774,13.22,123.21
794,2023-09-12,P13,46.28,57.02,63.43,0,754.82,9,1,-1.664,29.6,1877.53
795,2023-03-25,P1,5.72,5.53,2.76,1,1607.73,3,5,-0.313,31.45,86.8
796,2023-10-25,P14,11.63,14.66,17.44,0,1339.46,10,2,-1.452,22.95,400.25
797,2023-12-18,P6,46.37,60.68,50.37,0,845.2,12,0,-1.74,32.05,1614.36
798,2023-08-21,P12,5.1,7.05,7.83,0,1950.23,8,0,-0.905,45.97,359.95
799,2023-01-15,P10,10.33,10.04,9.95,0,665.86,1,6,-2.529,21.79,216.81
800,2023-01-15,P3,11.38,12.26,11.07,1,503.41,1,6,-2.12,24.98,276.53
801,2023-06-20,P11,45.69,66.02,74.97,0,1992.72,6,1,-0.302,83.72,6276.49
802,2023-12-01,P19,45.15,46.75,38.06,0,949.71,12,4,-0.825,82.42,3136.91
803,2023-05-12,P3,18.5,23.44,17.13,1,1097.56,5,4,-2.185,16.49,282.47
804,2023-04-10,P4,24.92,30.47,26.53,0,247.66,4,0,-2.033,0.0,0.0
805,2023-05-17,P18,27.99,37.64,38.0,0,426.35,5,2,-2.669,14.51,551.38
806,2023-12-29,P1,20.66,19.5,20.55,1,1959.68,12,4,-1.53,43.32,890.23
807,2023-10-02,P3,25.12,26.16,21.9,0,633.39,10,0,-0.894,27.58,604.0
808,2023-10-06,P7,36.01,34.79,28.13,1,486.68,10,4,-2.055,33.01,928.57
809,2023-06-27,P1,34.27,34.73,39.32,1,1630.48,6,1,-0.419,127.11,4997.97
810,2023-03-14,P18,38.82,36.28,41.05,0,527.99,3,1,-1.668,11.68,479.46
811,2023-10-21,P12,36.01,40.18,45.66,1,351.14,10,5,-1.183,52.66,2404.46
812,2023-10-02,P7,9.82,9.04,7.41,1,1773.7,10,0,-0.267,148.92,1103.5
813,2023-01-31,P8,49.46,74.02,79.72,1,1785.47,1,1,-0.748,37.79,3012.62
814,2023-05-09,P7,48.28,46.04,38.62,0,84.19,5,1,-1.014,51.84,2002.06
815,2023-02-22,P6,5.35,5.38,6.13,0,297.49,2,2,-0.55,91.8,562.73
816,2023-08-06,P14,30.55,35.25,32.66,0,1619.78,8,6,-2.209,35.41,1156.49
817,2023-05-30,P13,47.87,47.39,42.06,0,446.32,5,1,-2.342,14.64,615.76
818,2023-08-10,P15,46.11,53.59,57.07,0,618.06,8,3,-1.885,25.45,1452.43
819,2023-01-15,P16,33.66,35.3,41.34,0,32.87,1,6,-1.239,37.65,1556.45
820,2023-06-25,P15,32.6,29.67,34.96,0,1849.28,6,6,-2.746,21.51,751.99
821,2023-08-06,P19,12.71,15.52,18.22,0,924.55,8,6,-0.642,11.06,201.51
822,2023-10-05,P11,25.72,30.52,24.4,1,90.71,10,3,-0.69,37.69,919.64
823,2023-08-10,P16,33.62,44.5,37.82,0,709.47,8,3,-1.312,43.29,1637.23
824,2023-09-11,P18,40.09,39.14,33.05,0,574.89,9,0,-0.501,99.51,3288.81
825,2023-08-27,P20,10.26,11.17,10.59,1,1133.77,8,6,-0.337,135.08,1430.5
826,2023-01-20,P12,6.91,9.04,10.52,0,87.93,1,4,-1.955,19.2,201.98
827,2023-02-22,P13,32.99,43.13,38.46,0,829.63,2,2,-2.003,17.43,670.36
828,2023-12-02,P6,42.6,61.29,53.8,0,1340.5,12,5,-0.43,27.41,1474.66
829,2023-07-12,P2,12.52,12.33,10.09,1,1935.3,7,2,-2.946,28.45,287.06
830,2023-06-23,P5,36.0,32.61,30.98,1,196.47,6,4,-0.797,54.69,1694.3
831,2023-02-05,P4,42.96,58.75,57.93,0,1092.72,2,6,-0.373,83.97,4864.38
832,2023-10-18,P8,47.19,57.09,64.68,0,1124.85,10,2,-0.609,53.03,3429.98
833,2023-03-28,P3,34.91,43.1,44.8,0,817.57,3,1,-1.511,24.64,1103.87
834,2023-09-18,P3,41.22,58.85,58.48,0,108.51,9,0,-1.723,6.85,400.59
835,2023-05-24,P8,10.94,11.42,11.18,0,1448.5,5,2,-2.977,23.53,263.07
836,2023-08-12,P5,37.91,35.34,28.29,0,1626.4,8,5,-2.568,23.06,652.37
837,2023-12-09,P3,21.06,27.64,33.14,0,124.65,12,5,-0.692,65.59,2173.65
838,2023-06-29,P16,8.06,8.48,9.36,0,515.31,6,3,-0.299,60.27,564.13
839,2023-05-22,P8,21.85,30.85,31.96,0,538.93,5,0,-1.412,26.79,856.21
840,2023-11-05,P11,10.4,14.76,17.33,0,895.62,11,6,-0.622,22.66,392.7
841,2023-07-20,P7,25.79,36.77,44.04,0,307.36,7,3,-1.817,5.75,253.23
842,2023-01-29,P14,12.7,18.75,19.43,1,772.67,1,6,-1.4,13.0,252.59
843,2023-04-13,P11,30.01,27.58,32.34,0,1261.18,4,3,-2.859,10.49,339.25
844,2023-06-13,P3,11.82,17.04,19.95,0,1274.98,6,1,-0.581,77.47,1545.53
845,2023-03-24,P9,30.28,36.92,34.18,0,947.37,3,4,-1.252,26.37,901.33
846,2023-01-27,P14,6.4,7.53,7.63,0,1220.25,1,4,-1.784,33.27,253.85
847,2023-11-08,P18,24.78,27.05,24.75,0,1343.17,11,2,-2.034,30.79,762.05
848,2023-05-10,P17,10.7,14.8,16.63,0,289.73,5,2,-1.92,6.56,109.09
849,2023-09-01,P2,34.58,49.02,41.0,0,406.44,9,4,-1.645,19.38,794.58
850,2023-09-22,P2,34.33,43.1,40.87,0,517.98,9,4,-0.362,137.18,5606.55
851,2023-12-15,P11,27.46,32.73,35.51,0,1142.87,12,4,-2.201,21.6,767.02
852,2023-05-18,P16,35.3,47.18,43.15,0,1690.76,5,3,-2.686,30.98,1336.79
853,2023-08-09,P15,17.06,19.95,17.93,0,1057.22,8,2,-1.773,38.71,694.07
854,2023-02-16,P4,30.99,31.45,33.13,0,185.96,2,3,-1.33,7.75,256.76
855,2023-07-29,P1,29.37,27.59,29.7,0,374.86,7,5,-0.726,78.41,2328.78
856,2023-12-17,P8,39.22,43.44,39.05,0,1624.11,12,6,-2.124,53.54,2090.74
857,2023-03-13,P10,30.54,35.01,36.16,0,1535.83,3,0,-2.161,9.64,348.58
858,2023-05-13,P5,40.52,59.1,60.16,1,700.6,5,5,-1.628,15.32,921.65
859,2023-12-23,P4,27.67,29.55,32.68,0,988.99,12,5,-0.991,57.71,1885.96
860,2023-04-30,P13,30.74,42.13,37.08,1,749.82,4,6,-1.09,43.02,1595.18
861,2023-02-13,P7,30.34,42.26,41.25,0,634.8,2,0,-0.362,119.58,4932.68
862,2023-08-17,P16,37.7,54.93,62.52,0,107.39,8,3,-2.221,0.0,0.0
863,2023-01-15,P4,14.8,16.24,15.54,0,1633.71,1,6,-1.578,34.34,533.64
864,2023-02-24,P7,35.39,38.4,31.93,0,1430.91,2,4,-0.478,142.64,4554.5
865,2023-07-05,P9,18.42,22.03,23.67,0,1913.06,7,2,-2.053,35.2,833.18
866,2023-04-24,P11,44.24,46.36,50.14,0,1277.35,4,0,-1.396,27.87,1397.4
867,2023-06-10,P3,23.73,28.81,27.02,0,1573.79,6,5,-2.383,21.59,583.36
868,2023-10-31,P2,9.94,13.47,12.96,0,1788.77,10,1,-0.583,45.82,593.83
869,2023-09-25,P3,27.95,40.0,44.7,0,184.74,9,0,-1.591,10.6,473.82
870,2023-12-31,P12,19.22,23.23,22.44,0,1907.82,12,6,-1.244,52.68,1182.14
871,2023-08-16,P17,41.09,51.11,48.18,1,1370.4,8,2,-0.892,27.53,1326.4
872,2023-09-18,P19,8.43,12.45,10.28,0,692.98,9,0,-0.345,83.14,854.68
873,2023-03-05,P15,17.71,22.93,19.09,0,789.98,3,6,-1.345,18.89,360.61
874,2023-07-12,P16,45.16,46.39,52.27,0,1722.22,7,2,-0.744,60.42,3158.15
875,2023-02-11,P11,12.24,13.56,14.82,0,866.14,2,5,-1.403,45.66,676.68
876,2023-01-14,P15,33.22,39.99,38.43,0,1788.57,1,5,-2.859,24.52,942.3
877,2023-10-28,P12,8.88,11.87,11.43,0,353.86,10,5,-1.942,9.32,106.53
878,2023-04-09,P13,5.32,7.19,5.0,1,573.21,4,6,-0.525,91.08,455.4
879,2023-05-20,P20,33.94,48.15,54.79,1,890.63,5,5,-2.017,8.46,463.52
880,2023-10-09,P7,22.79,21.44,21.93,0,1189.16,10,0,-1.358,21.82,478.51
881,2023-08-09,P7,44.27,64.35,58.0,0,403.71,8,2,-1.169,5.14,298.12
882,2023-05-17,P9,25.36,33.68,36.99,0,409.13,5,2,-1.85,23.94,885.54
883,2023-07-02,P18,6.91,8.14,9.45,0,286.18,7,6,-2.93,4.31,40.73
884,2023-09-11,P6,23.28,34.89,27.75,1,515.27,9,0,-0.803,84.83,2354.03
885,2023-11-01,P5,11.42,15.73,13.01,0,1331.67,11,2,-1.024,44.44,578.16
886,2023-07-18,P17,21.66,23.03,23.07,0,1209.29,7,1,-2.274,16.9,389.88
887,2023-07-24,P14,20.75,19.48,16.96,0,1829.81,7,0,-0.473,70.37,1193.48
888,2023-04-11,P5,28.9,41.07,38.57,1,1052.56,4,1,-1.972,28.76,1109.27
889,2023-04-07,P6,45.6,59.1,66.39,0,1004.25,4,4,-0.97,30.69,2037.51
890,2023-01-28,P14,25.37,34.6,30.65,1,1182.86,1,5,-0.634,24.78,759.51
891,2023-09-09,P17,12.13,14.93,16.43,0,445.31,9,5,-1.436,0.08,1.31
892,2023-03-13,P15,24.31,25.01,23.55,1,1081.79,3,0,-1.625,33.98,800.23
893,2023-11-16,P5,20.41,28.16,24.54,0,714.82,11,3,-0.966,55.62,1364.91
894,2023-04-21,P17,25.57,32.38,28.56,0,1345.72,4,4,-0.215,132.81,3793.05
895,2023-06-13,P14,16.25,20.02,15.84,1,54.47,6,1,-2.263,8.58,135.91
896,2023-01-11,P4,17.48,23.63,24.95,0,609.21,1,2,-0.527,55.38,1381.73
897,2023-10-03,P7,47.84,51.38,43.6,0,999.3,10,1,-1.388,37.09,1617.12
898,2023-02-08,P2,31.61,44.85,50.45,0,440.95,2,2,-1.584,2.44,123.1
899,2023-03-06,P20,9.56,10.93,10.26,0,996.14,3,0,-2.046,12.73,130.61
900,2023-11-16,P9,16.98,22.82,19.07,0,1750.35,11,3,-2.525,30.73,586.02
901,2023-02-26,P12,36.55,51.44,45.57,0,1265.08,2,6,-2.908,16.05,731.4
902,2023-08-05,P9,36.02,40.54,38.61,0,1397.95,8,5,-2.888,12.68,489.57
903,2023-03-01,P18,46.86,62.56,66.2,0,1242.06,3,2,-2.32,16.21,1073.1
904,2023-10-12,P16,8.77,12.63,14.64,0,1617.92,10,3,-1.95,26.88,393.52
905,2023-06-18,P16,45.99,67.68,57.79,0,1120.21,6,6,-2.094,28.83,1666.09
906,2023-06-03,P5,20.07,26.93,24.07,0,805.96,6,5,-1.515,17.12,412.08
907,2023-07-31,P1,15.35,20.61,20.13,0,506.94,7,0,-2.076,14.92,300.34
908,2023-02-17,P19,30.84,33.83,28.31,0,376.33,2,4,-2.542,12.44,352.18
909,2023-08-02,P20,40.04,58.75,56.05,0,425.0,8,2,-2.016,8.73,489.32
910,2023-11-22,P4,30.04,43.73,45.8,0,381.53,11,2,-0.252,128.25,5873.85
911,2023-07-04,P7,32.41,33.75,40.02,0,1243.35,7,1,-0.487,114.98,4601.5
912,2023-10-29,P7,21.27,30.94,30.91,0,351.47,10,6,-2.435,10.46,323.32
913,2023-03-14,P17,19.77,23.51,25.19,0,1308.73,3,1,-1.228,24.69,621.94
914,2023-11-09,P6,47.36,51.37,61.07,0,984.66,11,3,-2.479,13.11,800.63
915,2023-07-13,P6,11.22,12.26,14.32,0,1281.76,7,3,-2.726,10.91,156.23
916,2023-08-04,P18,41.3,57.83,56.37,1,1808.35,8,4,-1.781,36.24,2042.85
917,2023-06-30,P8,23.81,22.63,20.01,0,927.04,6,4,-2.1,32.17,643.72
918,2023-02-14,P14,16.38,14.79,14.53,0,548.02,2,1,-2.67,0.06,0.87
919,2023-04-14,P2,9.31,10.61,9.73,0,1686.43,4,4,-1.218,33.54,326.34
920,2023-05-28,P7,28.43,27.95,25.21,0,313.26,5,6,-0.718,85.37,2152.18
921,2023-07-15,P3,14.13,21.17,21.72,0,749.37,7,5,-2.958,5.81,126.19
922,2023-04-03,P18,26.85,31.8,37.84,0,1100.41,4,0,-0.481,67.47,2553.06
923,2023-08-04,P13,23.37,32.92,30.64,0,1659.79,8,4,-1.362,41.52,1272.17
924,2023-10-11,P3,11.82,13.65,14.41,0,382.84,10,2,-0.614,53.52,771.22
925,2023-06-18,P12,12.44,14.92,12.77,1,28.13,6,6,-2.371,13.69,174.82
926,2023-01-20,P12,34.08,44.47,50.92,0,1941.54,1,4,-1.75,30.48,1552.04
927,2023-01-04,P1,48.6,47.06,47.73,0,1835.24,1,2,-1.275,41.94,2001.8
928,2023-07-13,P1,17.4,16.82,20.08,0,111.14,7,3,-0.81,55.96,1123.68
929,2023-07-13,P4,33.39,42.46,49.23,0,1003.85,7,3,-1.285,28.54,1405.02
930,2023-11-24,P19,32.61,29.91,29.85,1,1035.62,11,4,-0.708,120.78,3605.28
931,2023-04-08,P7,13.5,12.64,11.99,0,1718.89,4,5,-2.73,25.29,303.23
932,2023-05-20,P11,31.28,32.91,30.92,0,1803.48,5,5,-1.795,31.02,959.14
933,2023-09-14,P14,28.84,33.75,37.08,0,1787.62,9,3,-1.96,30.81,1142.43
934,2023-02-07,P11,39.66,58.72,52.95,0,1709.49,2,1,-1.096,44.3,2345.68
935,2023-01-10,P8,25.11,27.45,23.13,0,457.83,1,1,-2.441,14.2,328.45
936,2023-08-25,P12,33.86,40.25,38.68,0,265.51,8,4,-2.056,18.64,721.0
937,2023-04-16,P16,34.21,43.95,46.57,0,646.74,4,6,-0.945,17.32,806.59
938,2023-07-19,P6,8.28,9.5,7.86,0,889.49,7,2,-2.166,27.99,220.0
939,2023-04-20,P20,5.23,5.95,6.42,0,980.25,4,3,-2.366,20.82,133.66
940,2023-02-04,P17,5.75,6.81,7.32,0,1412.25,2,5,-0.731,59.6,436.27
941,2023-11-30,P1,22.69,27.57,27.23,0,1498.76,11,3,-2.545,32.24,877.9
942,2023-03-10,P12,25.02,25.97,22.25,0,1344.8,3,4,-2.265,42.87,953.86
943,2023-03-11,P11,45.15,55.67,51.82,0,529.17,3,5,-0.381,110.67,5734.92
944,2023-08-11,P15,18.5,17.6,18.1,0,1383.27,8,4,-1.713,37.56,679.84
945,2023-03-21,P5,38.94,51.54,54.68,0,1300.33,3,1,-2.567,10.2,557.74
946,2023-01-26,P9,36.26,49.97,47.4,0,1602.16,1,3,-2.905,23.5,1113.9
947,2023-11-10,P17,31.75,32.16,30.61,0,231.26,11,4,-0.354,116.16,3555.66
948,2023-12-02,P11,48.29,51.86,51.51,0,1190.22,12,5,-0.921,86.41,4450.98
949,2023-03-03,P16,34.18,32.28,34.0,0,1927.71,3,4,-2.265,23.85,810.9
950,2023-07-30,P15,31.34,32.3,38.59,0,756.42,7,6,-1.448,35.31,1362.61
951,2023-08-09,P2,40.01,43.7,51.23,0,1528.55,8,2,-0.723,86.2,4416.03
952,2023-08-14,P14,15.92,14.9,14.44,0,400.94,8,0,-0.991,61.01,880.98
953,2023-11-06,P15,20.96,25.46,27.46,0,1455.45,11,0,-1.308,46.34,1272.5
954,2023-04-11,P20,37.45,42.2,34.73,0,1691.74,4,1,-2.625,16.98,589.72
955,2023-01-07,P8,34.31,35.19,42.05,0,1098.25,1,5,-1.629,12.06,507.12
956,2023-08-26,P18,39.77,36.21,42.73,0,1430.56,8,5,-0.46,103.68,4430.25
957,2023-09-07,P20,45.0,41.78,42.21,1,1048.96,9,3,-0.303,44.71,1887.21
958,2023-03-07,P1,47.75,60.64,58.71,0,322.8,3,1,-1.504,3.95,231.9
959,2023-07-31,P5,21.57,29.68,27.54,0,1627.01,7,0,-2.109,27.01,743.86
960,2023-01-25,P3,23.35,29.3,33.87,0,554.83,1,2,-1.656,14.86,503.31
961,2023-09-20,P5,43.34,47.38,45.02,0,138.64,9,2,-0.222,58.87,2650.33
962,2023-05-18,P18,25.63,24.2,27.49,0,920.74,5,3,-1.53,27.67,760.65
963,2023-11-30,P2,15.85,22.92,21.41,0,425.58,11,3,-1.501,22.24,476.16
964,2023-10-08,P19,42.56,54.26,44.02,0,1276.4,10,6,-1.714,26.12,1149.8
965,2023-12-17,P7,11.79,17.06,17.15,0,930.96,12,6,-2.265,18.75,321.56
966,2023-01-11,P18,5.39,7.23,6.95,0,971.11,1,2,-0.441,92.04,639.68
967,2023-11-11,P15,20.56,24.2,21.09,1,1685.41,11,5,-2.547,36.59,771.68
968,2023-10-21,P17,44.59,49.76,48.29,0,918.06,10,5,-1.776,18.29,883.22
969,2023-10-09,P6,45.27,61.62,68.11,1,810.23,10,0,-1.911,22.8,1552.91
970,2023-05-18,P10,17.74,20.76,18.43,0,11.84,5,3,-1.155,22.62,416.89
971,2023-05-07,P16,14.41,15.63,16.01,0,800.5,5,6,-1.415,37.58,601.66
972,2023-05-14,P10,30.56,30.86,31.91,0,1590.91,5,6,-3.0,22.46,716.7
973,2023-02-01,P18,15.53,14.3,16.32,0,256.92,2,2,-2.824,13.89,226.68
974,2023-12-22,P3,42.48,46.46,54.21,0,1427.77,12,4,-0.4,76.74,4160.08
975,2023-04-19,P2,37.39,40.28,47.34,0,505.43,4,2,-2.509,4.46,211.14
976,2023-02-20,P6,46.34,64.27,65.03,0,918.04,2,0,-2.64,11.21,728.99
977,2023-01-16,P8,35.75,46.17,46.58,0,428.04,1,0,-0.881,56.6,2636.43
978,2023-10-01,P4,30.59,39.84,38.57,1,532.93,10,6,-2.205,18.33,706.99
979,2023-08-10,P13,42.54,40.88,30.98,1,1115.3,8,3,-1.56,12.91,399.95
980,2023-03-10,P7,35.18,46.3,44.72,0,1888.98,3,4,-1.752,32.3,1444.46
981,2023-12-15,P17,31.82,37.18,44.18,0,180.74,12,4,-2.723,8.27,365.37
982,2023-04-22,P14,12.46,15.91,15.51,0,235.53,4,5,-2.736,9.62,149.21
983,2023-04-30,P3,47.19,61.95,55.44,0,1917.4,4,6,-2.044,18.83,1043.94
984,2023-05-18,P7,34.11,48.36,54.74,1,1232.91,5,3,-1.304,28.98,1586.37
985,2023-03-27,P6,16.73,23.78,26.28,0,630.45,3,0,-2.645,12.11,318.25
986,2023-12-30,P3,28.99,38.01,34.55,0,1066.86,12,5,-1.43,42.48,1467.68
987,2023-06-23,P20,15.61,16.45,18.76,0,1224.64,6,4,-0.43,130.53,2448.74
988,2023-02-21,P15,11.07,15.93,12.17,1,1298.9,2,1,-0.38,40.84,497.02
989,2023-10-16,P1,7.27,10.32,11.34,0,691.68,10,0,-2.758,14.74,167.15
990,2023-02-19,P15,37.52,55.33,46.54,0,36.72,2,6,-1.328,22.56,1049.94
991,2023-07-13,P18,48.6,51.14,41.17,0,1927.96,7,3,-1.082,68.9,2836.61
992,2023-01-21,P16,17.97,23.81,19.68,1,1442.91,1,5,-0.83,55.64,1095.0
993,2023-12-30,P3,48.17,61.91,54.78,0,327.8,12,5,-2.618,8.13,445.36
994,2023-06-13,P15,30.02,36.42,37.03,0,102.06,6,1,-1.226,30.12,1115.34
995,2023-12-17,P14,28.96,33.52,39.9,0,636.31,12,6,-1.809,20.1,801.99
996,2023-03-21,P6,7.84,8.06,6.54,0,665.4,3,1,-2.858,34.25,224.0
997,2023-09-15,P9,49.71,66.68,67.82,0,1347.3,9,4,-2.885,9.85,668.03
998,2023-04-06,P13,23.4,29.83,25.45,0,1284.82,4,3,-1.401,31.53,802.44
999,2023-09-09,P5,5.3,6.8,7.58,0,22.95,9,5,-1.484,17.38,131.74
1000,2023-09-18,P13,6.71,9.46,6.66,1,1016.95,9,0,-1.783,11.3,75.26
